,molec_id,local_iso_id,elower,nu,nu_err,nu_vary,sw,sw_err,sw_vary,sw_scale_factor,gamma0_air,gamma0_air_err,gamma0_air_vary,n_gamma0_air,delta0_air,delta0_air_err,delta0_air_vary,n_delta0_air,nuVC_air,nuVC_air_err,nuVC_air_vary,n_nuVC_air,SD_gamma_air,SD_gamma_air_err,SD_gamma_air_vary,n_gamma2_air,SD_delta_air,SD_delta_air_err,SD_delta_air_vary,n_delta2_air,eta_air,eta_air_err,eta_air_vary,y_air,y_air_err,y_air_vary,n_y_air
0,7,1,1635.1109,12949.28637,0,False,0.00301,0,False,1e-24,0.0507,0,False,0.73,-0.0071,0,False,0.0,0,0,False,1,0.085541577,0,False,0.73,0,0,False,0,0,0,False,0.0,0,False,1.0
1,7,1,2012.89,12952.72,0,False,0.00342,0,False,1e-24,0.03,0,False,0.63,-0.01,0,False,5e-05,0,0,False,1,0.1,0,False,0.63,0,0,False,0,0,0,False,0.0,0,False,1.0
2,7,1,1600.1301,12954.06936,0,False,0.0032,0,False,1e-24,0.053,0,False,0.74,-0.0071,0,False,0.0,0,0,False,1,0.082373371,0,False,0.74,0,0,False,0,0,0,False,0.0,0,False,1.0
3,7,1,2011.21,12954.4,0,False,0.00333,0,False,1e-24,0.03,0,False,0.63,-0.01,0,False,5e-05,0,0,False,1,0.1,0,False,0.63,0,0,False,0,0,0,False,0.0,0,False,1.0
4,7,1,544.8622,12955.16611,0,False,5.86e-06,0,False,1e-24,0.0434,0,False,0.65,-0.0078,0,False,0.0,0,0,False,1,0.11088723,0,False,0.65,0,0,False,0,0,0,False,0.0,0,False,1.0
5,7,1,1598.1157,12956.08378,0,False,0.00253,0,False,1e-24,0.053,0,False,0.72,-0.00645,0,False,0.0,0,0,False,1,0.088709784,0,False,0.72,0,0,False,0,0,0,False,0.0,0,False,1.0
6,7,1,1574.5401,12960.43977,0,False,0.00242,0,False,1e-24,0.0563,0,False,0.7,-0.0056,0,False,0.0,0,0,False,1,0.095046197,0,False,0.7,0,0,False,0,0,0,False,0.0,0,False,1.0
7,7,1,1572.4545,12962.5254,0,False,0.00165,0,False,1e-24,0.0563,0,False,0.71,-0.0097,0,False,5e-05,0,0,False,1,0.1,0,False,0.71,0,0,False,0,0,0,False,0.0,0,False,1.0
8,7,1,1804.87,12965.11,0,False,0.00889,0,False,1e-24,0.03,0,False,0.63,-0.0097,0,False,5e-05,0,0,False,1,0.1,0,False,0.63,0,0,False,0,0,0,False,0.011486,0,False,11.02983704
9,7,1,1560.3221,12966.42018,0,False,0.0013,0,False,1e-24,0.0615,0,False,0.72,-0.0052,0,False,0.0,0,0,False,1,0.088709784,0,False,0.72,0,0,False,0,0,0,False,0.0,0,False,1.0
10,7,1,1803.17,12966.81,0,False,0.00863,0,False,1e-24,0.03,0,False,0.63,-0.0096,0,False,5e-05,0,0,False,1,0.1,0,False,0.63,0,0,False,0,0,0,False,0.010002,0,False,11.05334543
11,7,3,1752.6762,12970.80982,0,False,4.4e-06,0,False,1e-24,0.0278,0,False,0.63,-0.0097,0,False,0.0,0,0,False,1,0.115323868,0,False,0.63,0,0,False,0,0,0,False,0.0,0,False,1.0
12,7,3,1750.9674,12972.51861,0,False,4.2800000000000005e-06,0,False,1e-24,0.0278,0,False,0.63,-0.0096,0,False,0.0,0,0,False,1,0.115323868,0,False,0.63,0,0,False,0,0,0,False,0.0,0,False,1.0
13,7,1,1560.3221,12974.65777,0,False,0.000649,0,False,1e-24,0.0563,0,False,0.71,-0.005,0,False,0.0,0,0,False,1,0.09187799,0,False,0.71,0,0,False,0,0,0,False,0.0,0,False,1.0
14,7,1,438.701,12975.23029,0,False,8.83e-06,0,False,1e-24,0.0447,0,False,0.65,-0.0074,0,False,0.0,0,0,False,1,0.11088723,0,False,0.65,0,0,False,0,0,0,False,0.0,0,False,1.0
15,7,2,1705.8516,12975.869,0,False,2.67e-05,0,False,1e-24,0.0278,0,False,0.63,-0.0097,0,False,0.0,0,0,False,1,0.113492229,0,False,0.63,0,0,False,0,0,0,False,0.0,0,False,1.0
16,7,1,1558.437,12976.54288,0,False,0.00151,0,False,1e-24,0.0563,0,False,0.71,-0.0051,0,False,0.0,0,0,False,1,0.09187799,0,False,0.71,0,0,False,0,0,0,False,0.0,0,False,1.0
17,7,3,1655.7848,12976.67724,0,False,6.85e-06,0,False,1e-24,0.0286,0,False,0.63,-0.0096,0,False,0.0,0,0,False,1,0.115323868,0,False,0.63,0,0,False,0,0,0,False,0.0,0,False,1.0
18,7,1,1608.07,12977.11,0,False,0.0218,0,False,1e-24,0.03,0,False,0.63,-0.01078,0,False,5e-05,0,0,False,1,0.1,0,False,0.63,0,0,False,0,0,0,False,0.006543,0,False,9.54017859
19,7,2,1704.1358,12977.58485,0,False,2.5900000000000003e-05,0,False,1e-24,0.0278,0,False,0.63,-0.0096,0,False,0.0,0,0,False,1,0.113492229,0,False,0.63,0,0,False,0,0,0,False,0.0,0,False,1.0
20,7,3,1654.0677,12978.39436,0,False,6.65e-06,0,False,1e-24,0.0286,0,False,0.63,-0.0095,0,False,0.0,0,0,False,1,0.115323868,0,False,0.63,0,0,False,0,0,0,False,0.0,0,False,1.0
21,7,1,1606.35,12978.82,0,False,0.0212,0,False,1e-24,0.03,0,False,0.63,-0.01058,0,False,5e-05,0,0,False,1,0.1,0,False,0.63,0,0,False,0,0,0,False,0.00579,0,False,9.575509585
22,7,1,1574.5401,12979.65931,0,False,0.00182,0,False,1e-24,0.053,0,False,0.72,-0.0059,0,False,0.0,0,0,False,1,0.088709784,0,False,0.72,0,0,False,0,0,0,False,0.0,0,False,1.0
23,7,2,1611.5421,12981.57708,0,False,4.100000000000001e-05,0,False,1e-24,0.0286,0,False,0.63,-0.0096,0,False,0.0,0,0,False,1,0.113492229,0,False,0.63,0,0,False,0,0,0,False,0.0,0,False,1.0
24,7,1,1572.5838,12981.61569,0,False,0.00263,0,False,1e-24,0.053,0,False,0.72,-0.00645,0,False,0.0,0,0,False,1,0.088709784,0,False,0.72,0,0,False,0,0,0,False,0.0,0,False,1.0
25,7,3,1561.619,12982.45146,0,False,1.05e-05,0,False,1e-24,0.0294,0,False,0.63,-0.0095,0,False,0.0,0,0,False,1,0.115323868,0,False,0.63,0,0,False,0,0,0,False,0.0,0,False,1.0
26,7,2,1609.8182,12983.30102,0,False,3.9800000000000005e-05,0,False,1e-24,0.0286,0,False,0.63,-0.0095,0,False,0.0,0,0,False,1,0.113492229,0,False,0.63,0,0,False,0,0,0,False,0.0,0,False,1.0
27,7,3,1559.8935,12984.17691,0,False,1.0200000000000002e-05,0,False,1e-24,0.0294,0,False,0.63,-0.0094,0,False,0.0,0,0,False,1,0.115323868,0,False,0.63,0,0,False,0,0,0,False,0.0,0,False,1.0
28,7,1,1600.1301,12984.26721,0,False,0.00267,0,False,1e-24,0.0507,0,False,0.73,-0.0061,0,False,0.0,0,0,False,1,0.085541577,0,False,0.73,0,0,False,0,0,0,False,0.0,0,False,1.0
29,7,1,1598.1361,12986.26122,0,False,0.0034,0,False,1e-24,0.0507,0,False,0.73,-0.0071,0,False,0.0,0,0,False,1,0.085541577,0,False,0.73,0,0,False,0,0,0,False,0.0,0,False,1.0
30,7,2,1519.8867,12987.19458,0,False,6.21e-05,0,False,1e-24,0.0294,0,False,0.63,-0.0095,0,False,0.0,0,0,False,1,0.113492229,0,False,0.63,0,0,False,0,0,0,False,0.0,0,False,1.0
31,7,3,1470.1824,12988.13277,0,False,1.5900000000000004e-05,0,False,1e-24,0.0303,0,False,0.63,-0.0094,0,False,0.0,0,0,False,1,0.115323868,0,False,0.63,0,0,False,0,0,0,False,0.0,0,False,1.0
32,7,1,1637.0878,12988.47994,0,False,0.00313,0,False,1e-24,0.0491,0,False,0.74,-0.00615,0,False,0.0,0,0,False,1,0.082373371,0,False,0.74,0,0,False,0,0,0,False,0.0,0,False,1.0
33,7,1,1422.5,12988.72,0,False,0.0506,0,False,1e-24,0.03,0,False,0.63,-0.01056,0,False,5e-05,0,0,False,1,0.1,0,False,0.63,0,0,False,0,0,0,False,0.004168,0,False,8.078300568
34,7,2,1518.1547,12988.92663,0,False,6.0200000000000006e-05,0,False,1e-24,0.0294,0,False,0.63,-0.0094,0,False,0.0,0,0,False,1,0.113492229,0,False,0.63,0,0,False,0,0,0,False,0.0,0,False,1.0
35,7,3,1468.4486,12989.86658,0,False,1.54e-05,0,False,1e-24,0.0303,0,False,0.63,-0.0093,0,False,0.0,0,0,False,1,0.115323868,0,False,0.63,0,0,False,0,0,0,False,0.0,0,False,1.0
36,7,1,1420.76,12990.46,0,False,0.0489,0,False,1e-24,0.03,0,False,0.63,-0.01066,0,False,5e-05,0,0,False,1,0.1,0,False,0.63,0,0,False,0,0,0,False,0.003755,0,False,8.128295749
37,7,1,1635.0659,12990.50183,0,False,0.00375,0,False,1e-24,0.0491,0,False,0.74,-0.0073,0,False,0.0,0,0,False,1,0.082373371,0,False,0.74,0,0,False,0,0,0,False,0.0,0,False,1.0
38,7,1,1685.4073,12992.29577,0,False,0.00318,0,False,1e-24,0.0478,0,False,0.73,-0.0062,0,False,0.0,0,0,False,1,0.085541577,0,False,0.73,0,0,False,0,0,0,False,0.0,0,False,1.0
39,7,2,1430.8889,12992.7218,0,False,9.29e-05,0,False,1e-24,0.0303,0,False,0.63,-0.0094,0,False,0.0,0,0,False,1,0.113492229,0,False,0.63,0,0,False,0,0,0,False,0.0,0,False,1.0
40,7,3,1381.4787,12993.72146,0,False,2.3700000000000003e-05,0,False,1e-24,0.0312,0,False,0.63,-0.0093,0,False,0.0,0,0,False,1,0.115323868,0,False,0.63,0,0,False,0,0,0,False,0.0,0,False,1.0
41,7,1,1683.3616,12994.34139,0,False,0.00368,0,False,1e-24,0.0478,0,False,0.73,-0.0075,0,False,0.0,0,0,False,1,0.085541577,0,False,0.73,0,0,False,0,0,0,False,0.0,0,False,1.0
42,7,2,1429.1487,12994.46197,0,False,9.000000000000002e-05,0,False,1e-24,0.0303,0,False,0.63,-0.0093,0,False,0.0,0,0,False,1,0.113492229,0,False,0.63,0,0,False,0,0,0,False,0.0,0,False,1.0
43,7,1,343.9694,12994.94056,0,False,1.2500000000000002e-05,0,False,1e-24,0.0458,0,False,0.67,-0.0074,0,False,0.0,0,0,False,1,0.104550816,0,False,0.67,0,0,False,0,0,0,False,0.0,0,False,1.0
44,7,3,1379.7365,12995.46366,0,False,2.3000000000000003e-05,0,False,1e-24,0.0312,0,False,0.63,-0.0093,0,False,0.0,0,0,False,1,0.115323868,0,False,0.63,0,0,False,0,0,0,False,0.0,0,False,1.0
45,7,1,1745.0806,12995.71274,0,False,0.00291,0,False,1e-24,0.0468,0,False,0.72,-0.00665,0,False,0.0,0,0,False,1,0.088709784,0,False,0.72,0,0,False,0,0,0,False,0.0,0,False,1.0
46,7,1,1743.0133,12997.77995,0,False,0.00329,0,False,1e-24,0.0468,0,False,0.72,-0.0074,0,False,0.0,0,0,False,1,0.088709784,0,False,0.72,0,0,False,0,0,0,False,0.0,0,False,1.0
47,7,2,1344.552,12998.15899,0,False,0.000137,0,False,1e-24,0.0312,0,False,0.63,-0.0093,0,False,0.0,0,0,False,1,0.113492229,0,False,0.63,0,0,False,0,0,0,False,0.0,0,False,1.0
48,7,1,1816.0979,12998.72867,0,False,0.00244,0,False,1e-24,0.0458,0,False,0.67,-0.0072,0,False,0.0,0,0,False,1,0.104550816,0,False,0.67,0,0,False,0,0,0,False,0.0,0,False,1.0
49,7,3,1295.5114,12999.21781,0,False,3.49e-05,0,False,1e-24,0.0322,0,False,0.63,-0.0093,0,False,0.0,0,0,False,1,0.115323868,0,False,0.63,0,0,False,0,0,0,False,0.0,0,False,1.0
50,7,2,1342.8037,12999.90731,0,False,0.000133,0,False,1e-24,0.0312,0,False,0.63,-0.0093,0,False,0.0,0,0,False,1,0.113492229,0,False,0.63,0,0,False,0,0,0,False,0.0,0,False,1.0
51,7,1,1248.2,12999.96,0,False,0.111,0,False,1e-24,0.03,0,False,0.63,-0.0116815,0,False,5e-05,0,0,False,1,0.1,0,False,0.63,0,0,False,0,0,0,False,0.002911,0,False,6.680830454
52,7,1,1814.0104,13000.81622,0,False,0.00271,0,False,1e-24,0.0458,0,False,0.67,-0.0074,0,False,0.0,0,0,False,1,0.104550816,0,False,0.67,0,0,False,0,0,0,False,0.0,0,False,1.0
53,7,3,1293.7607,13000.96841,0,False,3.37e-05,0,False,1e-24,0.0322,0,False,0.63,-0.0092,0,False,0.0,0,0,False,1,0.115323868,0,False,0.63,0,0,False,0,0,0,False,0.0,0,False,1.0
54,7,1,1898.4477,13001.34118,0,False,0.00188,0,False,1e-24,0.0447,0,False,0.65,-0.0073,0,False,0.0,0,0,False,1,0.11088723,0,False,0.65,0,0,False,0,0,0,False,0.0,0,False,1.0
55,7,1,1246.45,13001.71,0,False,0.107,0,False,1e-24,0.03,0,False,0.63,-0.0117415,0,False,5e-05,0,0,False,1,0.1,0,False,0.63,0,0,False,0,0,0,False,0.002665,0,False,6.750205732
56,7,1,1245.9718,13002.18632,0,False,1.44e-06,0,False,1e-24,0.0312,0,False,0.63,-0.0093,0,False,0.0,0,0,False,1,0.117223643,0,False,0.63,0,0,False,0,0,0,False,0.0,0,False,1.0
57,7,1,1896.3406,13003.44828,0,False,0.00207,0,False,1e-24,0.0447,0,False,0.65,-0.0074,0,False,0.0,0,0,False,1,0.11088723,0,False,0.65,0,0,False,0,0,0,False,0.0,0,False,1.0
58,7,2,1260.8794,13003.50642,0,False,0.000199,0,False,1e-24,0.0322,0,False,0.63,-0.0093,0,False,0.0,0,0,False,1,0.113492229,0,False,0.63,0,0,False,0,0,0,False,0.0,0,False,1.0
59,7,1,1992.1165,13003.54764,0,False,0.00136,0,False,1e-24,0.0434,0,False,0.65,-0.0075,0,False,0.0,0,0,False,1,0.11088723,0,False,0.65,0,0,False,0,0,0,False,0.0,0,False,1.0
60,7,3,1212.2838,13004.62208,0,False,5.06e-05,0,False,1e-24,0.0332,0,False,0.63,-0.0092,0,False,0.0,0,0,False,1,0.115323868,0,False,0.63,0,0,False,0,0,0,False,0.0,0,False,1.0
61,7,2,1259.123,13005.26291,0,False,0.000192,0,False,1e-24,0.0322,0,False,0.63,-0.0092,0,False,0.0,0,0,False,1,0.113492229,0,False,0.63,0,0,False,0,0,0,False,0.0,0,False,1.0
62,7,1,2097.0889,13005.34522,0,False,0.000909,0,False,1e-24,0.0417,0,False,0.64,-0.0073,0,False,0.0,0,0,False,1,0.114055436,0,False,0.64,0,0,False,0,0,0,False,0.0,0,False,1.0
63,7,1,1989.9904,13005.67376,0,False,0.00147,0,False,1e-24,0.0434,0,False,0.65,-0.0078,0,False,0.0,0,0,False,1,0.11088723,0,False,0.65,0,0,False,0,0,0,False,0.0,0,False,1.0
64,7,3,1210.5248,13006.38112,0,False,4.880000000000001e-05,0,False,1e-24,0.0332,0,False,0.63,-0.0091,0,False,0.0,0,0,False,1,0.115323868,0,False,0.63,0,0,False,0,0,0,False,0.0,0,False,1.0
65,7,1,2213.3478,13006.73085,0,False,0.000571,0,False,1e-24,0.0398,0,False,0.63,-0.0083,0,False,0.0,0,0,False,1,0.117223643,0,False,0.63,0,0,False,0,0,0,False,0.0,0,False,1.0
66,7,1,2094.9441,13007.49001,0,False,0.000982,0,False,1e-24,0.0417,0,False,0.64,-0.0085,0,False,0.0,0,0,False,1,0.114055436,0,False,0.64,0,0,False,0,0,0,False,0.0,0,False,1.0
67,7,1,2340.874,13007.70125,0,False,0.000337,0,False,1e-24,0.0376,0,False,0.63,-0.0091,0,False,0.0,0,0,False,1,0.117223643,0,False,0.63,0,0,False,0,0,0,False,0.0,0,False,1.0
68,7,1,2790.8388,13008.08467,0,False,4.7600000000000005e-05,0,False,1e-24,0.0312,0,False,0.63,-0.0097,0,False,0.0,0,0,False,1,0.117223643,0,False,0.63,0,0,False,0,0,0,False,0.0,0,False,1.0
69,7,1,2479.6468,13008.25289,0,False,0.000186,0,False,1e-24,0.0354,0,False,0.63,-0.0093,0,False,0.0,0,0,False,1,0.117223643,0,False,0.63,0,0,False,0,0,0,False,0.0,0,False,1.0
70,7,1,2629.6432,13008.38203,0,False,9.71e-05,0,False,1e-24,0.0332,0,False,0.63,-0.0095,0,False,0.0,0,0,False,1,0.117223643,0,False,0.63,0,0,False,0,0,0,False,0.0,0,False,1.0
71,7,2,1179.8744,13008.76435,0,False,0.000286,0,False,1e-24,0.0332,0,False,0.63,-0.0092,0,False,0.0,0,0,False,1,0.113492229,0,False,0.63,0,0,False,0,0,0,False,0.0,0,False,1.0
72,7,1,2211.1846,13008.89404,0,False,0.000613,0,False,1e-24,0.0398,0,False,0.63,-0.0089,0,False,0.0,0,0,False,1,0.117223643,0,False,0.63,0,0,False,0,0,0,False,0.0,0,False,1.0
73,7,1,2338.6926,13009.88265,0,False,0.000359,0,False,1e-24,0.0376,0,False,0.63,-0.0089,0,False,0.0,0,0,False,1,0.117223643,0,False,0.63,0,0,False,0,0,0,False,0.0,0,False,1.0
74,7,3,1131.7993,13009.93452,0,False,7.230000000000001e-05,0,False,1e-24,0.0341,0,False,0.63,-0.0091,0,False,0.0,0,0,False,1,0.115323868,0,False,0.63,0,0,False,0,0,0,False,0.0,0,False,1.0
75,7,1,2788.6035,13010.31996,0,False,5.03e-05,0,False,1e-24,0.0312,0,False,0.63,-0.0093,0,False,0.0,0,0,False,1,0.117223643,0,False,0.63,0,0,False,0,0,0,False,0.0,0,False,1.0
76,7,1,2477.4473,13010.45235,0,False,0.000198,0,False,1e-24,0.0354,0,False,0.63,-0.0091,0,False,0.0,0,0,False,1,0.117223643,0,False,0.63,0,0,False,0,0,0,False,0.0,0,False,1.0
77,7,2,1178.1097,13010.52902,0,False,0.000276,0,False,1e-24,0.0332,0,False,0.63,-0.0091,0,False,0.0,0,0,False,1,0.113492229,0,False,0.63,0,0,False,0,0,0,False,0.0,0,False,1.0
78,7,1,2627.4258,13010.59945,0,False,0.000103,0,False,1e-24,0.0332,0,False,0.63,-0.0091,0,False,0.0,0,0,False,1,0.117223643,0,False,0.63,0,0,False,0,0,0,False,0.0,0,False,1.0
79,7,1,1085.2,13010.81,0,False,0.228,0,False,1e-24,0.03,0,False,0.63,-0.011179,0,False,5e-05,0,0,False,1,0.13,0,False,0.63,0,0,False,0,0,0,False,0.002193,0,False,5.405820127
80,7,3,1130.0318,13011.70201,0,False,6.960000000000001e-05,0,False,1e-24,0.0341,0,False,0.63,-0.0091,0,False,0.0,0,0,False,1,0.115323868,0,False,0.63,0,0,False,0,0,0,False,0.0,0,False,1.0
81,7,1,1083.43,13012.58,0,False,0.219,0,False,1e-24,0.04,0,False,0.63,-0.010799,0,False,5e-05,0,0,False,1,0.09,0,False,0.63,0,0,False,0,0,0,False,0.002034,0,False,5.497748903
82,7,1,1082.9917,13013.02394,0,False,2.97e-06,0,False,1e-24,0.0332,0,False,0.63,-0.0091,0,False,0.0,0,0,False,1,0.117223643,0,False,0.63,0,0,False,0,0,0,False,0.0,0,False,1.0
83,7,2,1101.54,13013.933,0,False,0.000404,0,False,1e-24,0.0341,0,False,0.63,-0.0091,0,False,0.0,0,0,False,1,0.113492229,0,False,0.63,0,0,False,0,0,0,False,0.0,0,False,1.0
84,7,1,260.6824,13014.29578,0,False,1.6300000000000003e-05,0,False,1e-24,0.0468,0,False,0.72,-0.0074,0,False,0.0,0,0,False,1,0.088709784,0,False,0.72,0,0,False,0,0,0,False,0.0,0,False,1.0
85,7,3,1054.061,13015.15536,0,False,0.000102,0,False,1e-24,0.0355,0,False,0.63,-0.0091,0,False,0.0,0,0,False,1,0.115323868,0,False,0.63,0,0,False,0,0,0,False,0.0,0,False,1.0
86,7,2,1099.7671,13015.70589,0,False,0.000389,0,False,1e-24,0.0341,0,False,0.63,-0.0091,0,False,0.0,0,0,False,1,0.113492229,0,False,0.63,0,0,False,0,0,0,False,0.0,0,False,1.0
87,7,3,1052.285,13016.93135,0,False,9.79e-05,0,False,1e-24,0.0355,0,False,0.63,-0.0091,0,False,0.0,0,0,False,1,0.115323868,0,False,0.63,0,0,False,0,0,0,False,0.0,0,False,1.0
88,7,2,1025.8792,13019.01259,0,False,0.000563,0,False,1e-24,0.0355,0,False,0.63,-0.0091,0,False,0.0,0,0,False,1,0.113492229,0,False,0.63,0,0,False,0,0,0,False,0.0,0,False,1.0
89,7,3,979.072,13020.28483,0,False,0.000141,0,False,1e-24,0.0365,0,False,0.63,-0.0091,0,False,0.0,0,0,False,1,0.115323868,0,False,0.63,0,0,False,0,0,0,False,0.0,0,False,1.0
90,7,2,1024.0981,13020.79373,0,False,0.000541,0,False,1e-24,0.0355,0,False,0.63,-0.0091,0,False,0.0,0,0,False,1,0.113492229,0,False,0.63,0,0,False,0,0,0,False,0.0,0,False,1.0
91,7,1,933.53,13021.29,0,False,0.441,0,False,1e-24,0.04,0,False,0.63,-0.010477,0,False,5e-05,0,0,False,1,0.15,0,False,0.63,0,0,False,0,0,0,False,0.001751,0,False,4.323269736
92,7,3,977.2875,13022.06934,0,False,0.000136,0,False,1e-24,0.0365,0,False,0.63,-0.0089,0,False,0.0,0,0,False,1,0.115323868,0,False,0.63,0,0,False,0,0,0,False,0.0,0,False,1.0
93,7,1,931.74,13023.08,0,False,0.423,0,False,1e-24,0.04,0,False,0.63,-0.011577,0,False,5e-05,0,0,False,1,0.12,0,False,0.63,0,0,False,0,0,0,False,0.001638,0,False,4.437632126
94,7,1,931.3372,13023.48451,0,False,5.7800000000000006e-06,0,False,1e-24,0.0354,0,False,0.63,-0.0091,0,False,0.0,0,0,False,1,0.117223643,0,False,0.63,0,0,False,0,0,0,False,0.0,0,False,1.0
95,7,2,952.895,13024.00335,0,False,0.000773,0,False,1e-24,0.0365,0,False,0.63,-0.0091,0,False,0.0,0,0,False,1,0.113492229,0,False,0.63,0,0,False,0,0,0,False,0.0,0,False,1.0
96,7,3,906.8353,13025.32314,0,False,0.000193,0,False,1e-24,0.0375,0,False,0.63,-0.0089,0,False,0.0,0,0,False,1,0.115323868,0,False,0.63,0,0,False,0,0,0,False,0.0,0,False,1.0
97,7,2,951.1056,13025.79275,0,False,0.000743,0,False,1e-24,0.0365,0,False,0.63,-0.0089,0,False,0.0,0,0,False,1,0.113492229,0,False,0.63,0,0,False,0,0,0,False,0.0,0,False,1.0
98,7,3,905.0422,13027.11621,0,False,0.000185,0,False,1e-24,0.0375,0,False,0.63,-0.0089,0,False,0.0,0,0,False,1,0.115323868,0,False,0.63,0,0,False,0,0,0,False,0.0,0,False,1.0
99,7,2,882.5901,13028.90545,0,False,0.00105,0,False,1e-24,0.0375,0,False,0.63,-0.0089,0,False,0.0,0,0,False,1,0.113492229,0,False,0.63,0,0,False,0,0,0,False,0.0,0,False,1.0
100,7,3,837.3536,13030.27048,0,False,0.00026,0,False,1e-24,0.0389,0,False,0.63,-0.0089,0,False,0.0,0,0,False,1,0.115323868,0,False,0.63,0,0,False,0,0,0,False,0.0,0,False,1.0
101,7,2,880.7923,13030.70317,0,False,0.001,0,False,1e-24,0.0375,0,False,0.63,-0.0089,0,False,0.0,0,0,False,1,0.113492229,0,False,0.63,0,0,False,0,0,0,False,0.0,0,False,1.0
102,7,1,793.21,13031.39,0,False,0.805,0,False,1e-24,0.04,0,False,0.57,-0.010337,0,False,3.1e-05,0,0,False,1,0.18,0,False,0.57,0,0,False,0,0,0,False,0.001455,0,False,3.481353001
103,7,3,835.552,13032.07215,0,False,0.000249,0,False,1e-24,0.0389,0,False,0.63,-0.0089,0,False,0.0,0,0,False,1,0.115323868,0,False,0.63,0,0,False,0,0,0,False,0.0,0,False,1.0
104,7,1,791.4,13033.2,0,False,0.7670000000000001,0,False,1e-24,0.04,0,False,0.69,-0.010116,0,False,4.9e-05,0,0,False,1,0.13,0,False,0.69,0,0,False,0,0,0,False,0.001368,0,False,5.229704566
105,7,1,188.8531,13033.2948,0,False,1.9700000000000005e-05,0,False,1e-24,0.0478,0,False,0.73,-0.0075,0,False,0.0,0,0,False,1,0.085541577,0,False,0.73,0,0,False,0,0,0,False,0.0,0,False,1.0
106,7,1,791.0331,13033.56974,0,False,1.0600000000000002e-05,0,False,1e-24,0.0376,0,False,0.63,-0.0089,0,False,0.0,0,0,False,1,0.117223643,0,False,0.63,0,0,False,0,0,0,False,0.0,0,False,1.0
107,7,2,814.9672,13033.7191,0,False,0.0014,0,False,1e-24,0.0389,0,False,0.63,-0.0089,0,False,0.0,0,0,False,1,0.113492229,0,False,0.63,0,0,False,0,0,0,False,0.0,0,False,1.0
108,7,3,770.6298,13035.12704,0,False,0.000345,0,False,1e-24,0.0399,0,False,0.63,-0.0089,0,False,0.0,0,0,False,1,0.115323868,0,False,0.63,0,0,False,0,0,0,False,0.0,0,False,1.0
109,7,2,813.1611,13035.52517,0,False,0.00134,0,False,1e-24,0.0389,0,False,0.63,-0.0089,0,False,0.0,0,0,False,1,0.113492229,0,False,0.63,0,0,False,0,0,0,False,0.0,0,False,1.0
110,7,3,768.8195,13036.93736,0,False,0.00033,0,False,1e-24,0.0399,0,False,0.63,-0.0089,0,False,0.0,0,0,False,1,0.115323868,0,False,0.63,0,0,False,0,0,0,False,0.0,0,False,1.0
111,7,2,750.0289,13038.44447,0,False,0.00184,0,False,1e-24,0.0399,0,False,0.63,-0.0089,0,False,0.0,0,0,False,1,0.113492229,0,False,0.63,0,0,False,0,0,0,False,0.0,0,False,1.0
112,7,3,706.6664,13039.89298,0,False,0.000452,0,False,1e-24,0.0409,0,False,0.63,-0.0089,0,False,0.0,0,0,False,1,0.115323868,0,False,0.63,0,0,False,0,0,0,False,0.0,0,False,1.0
113,7,2,748.2144,13040.25893,0,False,0.00176,0,False,1e-24,0.0399,0,False,0.63,-0.0089,0,False,0.0,0,0,False,1,0.113492229,0,False,0.63,0,0,False,0,0,0,False,0.0,0,False,1.0
114,7,1,664.26,13041.12,0,False,1.38,0,False,1e-24,0.04,0,False,0.72,-0.009026,0,False,3.5e-05,0,0,False,1,0.16,0,False,0.72,0,0,False,0,0,0,False,0.001239,0,False,2.668600473
115,7,3,704.8474,13041.71201,0,False,0.00043,0,False,1e-24,0.0409,0,False,0.63,-0.0089,0,False,0.0,0,0,False,1,0.115323868,0,False,0.63,0,0,False,0,0,0,False,0.0,0,False,1.0
116,7,1,662.44,13042.95,0,False,1.31,0,False,1e-24,0.04,0,False,0.61,-0.010047,0,False,2.3e-05,0,0,False,1,0.11,0,False,0.61,0,0,False,0,0,0,False,0.001166,0,False,4.257624999
117,7,2,687.7777,13043.08171,0,False,0.00239,0,False,1e-24,0.0409,0,False,0.63,-0.0089,0,False,0.0,0,0,False,1,0.113492229,0,False,0.63,0,0,False,0,0,0,False,0.0,0,False,1.0
118,7,1,662.102,13043.28109,0,False,1.82e-05,0,False,1e-24,0.0398,0,False,0.63,-0.0089,0,False,0.0,0,0,False,1,0.117223643,0,False,0.63,0,0,False,0,0,0,False,0.0,0,False,1.0
119,7,3,645.466,13044.56848,0,False,0.000581,0,False,1e-24,0.0416,0,False,0.63,-0.0089,0,False,0.0,0,0,False,1,0.115323868,0,False,0.63,0,0,False,0,0,0,False,0.0,0,False,1.0
120,7,2,685.9548,13044.90462,0,False,0.00227,0,False,1e-24,0.0409,0,False,0.63,-0.0089,0,False,0.0,0,0,False,1,0.113492229,0,False,0.63,0,0,False,0,0,0,False,0.0,0,False,1.0
121,7,3,643.6382,13046.39626,0,False,0.000552,0,False,1e-24,0.0416,0,False,0.64,-0.0085,0,False,0.0,0,0,False,1,0.112207006,0,False,0.64,0,0,False,0,0,0,False,0.0,0,False,1.0
122,7,2,628.216,13047.63098,0,False,0.00305,0,False,1e-24,0.0416,0,False,0.63,-0.0089,0,False,0.0,0,0,False,1,0.113492229,0,False,0.63,0,0,False,0,0,0,False,0.0,0,False,1.0
123,7,3,587.0309,13049.15366,0,False,0.000737,0,False,1e-24,0.0426,0,False,0.64,-0.0085,0,False,0.0,0,0,False,1,0.112207006,0,False,0.64,0,0,False,0,0,0,False,0.0,0,False,1.0
124,7,2,626.3846,13049.46239,0,False,0.00289,0,False,1e-24,0.0416,0,False,0.64,-0.0085,0,False,0.0,0,0,False,1,0.110424871,0,False,0.64,0,0,False,0,0,0,False,0.0,0,False,1.0
125,7,1,546.7,13050.48,0,False,2.22,0,False,1e-24,0.04,0,False,0.75,-0.008536,0,False,3.3e-05,0,0,False,1,0.13,0,False,0.75,0,0,False,0,0,0,False,0.001064,0,False,2.226019518
126,7,3,585.1943,13050.99028,0,False,0.000697,0,False,1e-24,0.0426,0,False,0.64,-0.0083,0,False,0.0,0,0,False,1,0.112207006,0,False,0.64,0,0,False,0,0,0,False,0.0,0,False,1.0
127,7,1,128.492,13051.93672,0,False,2.1900000000000004e-05,0,False,1e-24,0.0491,0,False,0.74,-0.0073,0,False,0.0,0,0,False,1,0.082373371,0,False,0.74,0,0,False,0,0,0,False,0.0,0,False,1.0
128,7,2,571.346,13052.09241,0,False,0.00383,0,False,1e-24,0.0426,0,False,0.64,-0.0085,0,False,0.0,0,0,False,1,0.110424871,0,False,0.64,0,0,False,0,0,0,False,0.0,0,False,1.0
129,7,1,544.86,13052.32,0,False,2.0900000000000003,0,False,1e-24,0.04,0,False,0.73,-0.009236,0,False,2.8e-05,0,0,False,1,0.13,0,False,0.73,0,0,False,0,0,0,False,0.000998,0,False,3.137979657
130,7,1,544.5651,13052.61983,0,False,2.9400000000000003e-05,0,False,1e-24,0.0417,0,False,0.64,-0.0085,0,False,0.0,0,0,False,1,0.114055436,0,False,0.64,0,0,False,0,0,0,False,0.0,0,False,1.0
131,7,3,531.3635,13053.64867,0,False,0.000919,0,False,1e-24,0.0433,0,False,0.64,-0.0083,0,False,0.0,0,0,False,1,0.112207006,0,False,0.64,0,0,False,0,0,0,False,0.0,0,False,1.0
132,7,2,569.5061,13053.93239,0,False,0.00363,0,False,1e-24,0.0426,0,False,0.64,-0.0083,0,False,0.0,0,0,False,1,0.110424871,0,False,0.64,0,0,False,0,0,0,False,0.0,0,False,1.0
133,7,3,529.518,13055.49421,0,False,0.0008669999999999,0,False,1e-24,0.0433,0,False,0.65,-0.0078,0,False,0.0,0,0,False,1,0.109090145,0,False,0.65,0,0,False,0,0,0,False,0.0,0,False,1.0
134,7,2,517.17,13056.46613,0,False,0.00475,0,False,1e-24,0.0433,0,False,0.64,-0.0083,0,False,0.0,0,0,False,1,0.110424871,0,False,0.64,0,0,False,0,0,0,False,0.0,0,False,1.0
135,7,3,478.466,13058.05363,0,False,0.00113,0,False,1e-24,0.0439,0,False,0.65,-0.0078,0,False,0.0,0,0,False,1,0.109090145,0,False,0.65,0,0,False,0,0,0,False,0.0,0,False,1.0
136,7,2,515.3214,13058.31475,0,False,0.00448,0,False,1e-24,0.0433,0,False,0.65,-0.0078,0,False,0.0,0,0,False,1,0.107357514,0,False,0.65,0,0,False,0,0,0,False,0.0,0,False,1.0
137,7,1,440.56,13059.47,0,False,3.3400000000000003,0,False,1e-24,0.05,0,False,0.71,-0.008846,0,False,2.7e-05,0,0,False,1,0.13,0,False,0.71,0,0,False,0,0,0,False,0.000908,0,False,1.985142148
138,7,3,476.6115,13059.90818,0,False,0.00106,0,False,1e-24,0.0439,0,False,0.65,-0.0075,0,False,0.0,0,0,False,1,0.109090145,0,False,0.65,0,0,False,0,0,0,False,0.0,0,False,1.0
139,7,2,465.69,13060.75226,0,False,0.00579,0,False,1e-24,0.0439,0,False,0.65,-0.0078,0,False,0.0,0,0,False,1,0.107357514,0,False,0.65,0,0,False,0,0,0,False,0.0,0,False,1.0
140,7,1,438.7,13061.33,0,False,3.1300000000000003,0,False,1e-24,0.04,0,False,0.78,-0.008976,0,False,2.4e-05,0,0,False,1,0.11,0,False,0.78,0,0,False,0,0,0,False,0.000844,0,False,3.020137622
141,7,1,438.4413,13061.58694,0,False,4.440000000000001e-05,0,False,1e-24,0.0434,0,False,0.65,-0.0078,0,False,0.0,0,0,False,1,0.11088723,0,False,0.65,0,0,False,0,0,0,False,0.0,0,False,1.0
142,7,3,428.3404,13062.36864,0,False,0.00136,0,False,1e-24,0.0446,0,False,0.65,-0.0075,0,False,0.0,0,0,False,1,0.109090145,0,False,0.65,0,0,False,0,0,0,False,0.0,0,False,1.0
143,7,2,463.8327,13062.60961,0,False,0.00545,0,False,1e-24,0.0439,0,False,0.65,-0.0075,0,False,0.0,0,0,False,1,0.107357514,0,False,0.65,0,0,False,0,0,0,False,0.0,0,False,1.0
144,7,3,426.4768,13064.23231,0,False,0.00128,0,False,1e-24,0.0446,0,False,0.65,-0.0074,0,False,0.0,0,0,False,1,0.109090145,0,False,0.65,0,0,False,0,0,0,False,0.0,0,False,1.0
145,7,2,416.908,13064.95089,0,False,0.00695,0,False,1e-24,0.0446,0,False,0.65,-0.0075,0,False,0.0,0,0,False,1,0.107357514,0,False,0.65,0,0,False,0,0,0,False,0.0,0,False,1.0
146,7,3,380.9887,13066.5938,0,False,0.00162,0,False,1e-24,0.0453,0,False,0.65,-0.0074,0,False,0.0,0,0,False,1,0.109090145,0,False,0.65,0,0,False,0,0,0,False,0.0,0,False,1.0
147,7,2,415.0418,13066.81708,0,False,0.00651,0,False,1e-24,0.0446,0,False,0.65,-0.0074,0,False,0.0,0,0,False,1,0.107357514,0,False,0.65,0,0,False,0,0,0,False,0.0,0,False,1.0
148,7,1,345.85,13068.08,0,False,4.71,0,False,1e-24,0.05,0,False,0.79,-0.007895,0,False,2.9e-05,0,0,False,1,0.11,0,False,0.79,0,0,False,0,0,0,False,0.000755,0,False,1.852149734
149,7,3,379.1158,13068.46672,0,False,0.00151,0,False,1e-24,0.0453,0,False,0.66,-0.0074,0,False,0.0,0,0,False,1,0.105973284,0,False,0.66,0,0,False,0,0,0,False,0.0,0,False,1.0
150,7,2,370.8258,13069.06212,0,False,0.00821,0,False,1e-24,0.0453,0,False,0.65,-0.0074,0,False,0.0,0,0,False,1,0.107357514,0,False,0.65,0,0,False,0,0,0,False,0.0,0,False,1.0
151,7,1,343.97,13069.96,0,False,4.36,0,False,1e-24,0.05,0,False,0.78,-0.008506,0,False,2.6e-05,0,0,False,1,0.1,0,False,0.78,0,0,False,0,0,0,False,0.000687,0,False,3.389740989
152,7,1,343.7481,13070.1832,0,False,6.27e-05,0,False,1e-24,0.0447,0,False,0.65,-0.0074,0,False,0.0,0,0,False,1,0.11088723,0,False,0.65,0,0,False,0,0,0,False,0.0,0,False,1.0
153,7,1,79.607,13070.22159,0,False,2.1800000000000005e-05,0,False,1e-24,0.0507,0,False,0.73,-0.0071,0,False,0.0,0,0,False,1,0.085541577,0,False,0.73,0,0,False,0,0,0,False,0.0,0,False,1.0
154,7,3,336.4128,13070.7292,0,False,0.00189,0,False,1e-24,0.046,0,False,0.66,-0.0074,0,False,0.0,0,0,False,1,0.105973284,0,False,0.66,0,0,False,0,0,0,False,0.0,0,False,1.0
155,7,2,368.9507,13070.93726,0,False,0.00766,0,False,1e-24,0.0453,0,False,0.66,-0.0074,0,False,0.0,0,0,False,1,0.104290156,0,False,0.66,0,0,False,0,0,0,False,0.0,0,False,1.0
156,7,3,334.5305,13072.61153,0,False,0.00176,0,False,1e-24,0.046,0,False,0.67,-0.0074,0,False,0.0,0,0,False,1,0.102856423,0,False,0.67,0,0,False,0,0,0,False,0.0,0,False,1.0
157,7,2,327.4452,13073.08602,0,False,0.00953,0,False,1e-24,0.046,0,False,0.66,-0.0074,0,False,0.0,0,0,False,1,0.104290156,0,False,0.66,0,0,False,0,0,0,False,0.0,0,False,1.0
158,7,3,294.6144,13074.77489,0,False,0.00217,0,False,1e-24,0.0463,0,False,0.67,-0.0074,0,False,0.0,0,0,False,1,0.102856423,0,False,0.67,0,0,False,0,0,0,False,0.0,0,False,1.0
159,7,2,325.561,13074.97027,0,False,0.00885,0,False,1e-24,0.046,0,False,0.67,-0.0074,0,False,0.0,0,0,False,1,0.101222799,0,False,0.67,0,0,False,0,0,0,False,0.0,0,False,1.0
160,7,1,262.58,13076.33,0,False,6.17,0,False,1e-24,0.05,0,False,0.79,-0.007705,0,False,2.9e-05,0,0,False,1,0.1,0,False,0.79,0,0,False,0,0,0,False,0.00059,0,False,1.849878493
161,7,3,292.7225,13076.66683,0,False,0.00201,0,False,1e-24,0.0463,0,False,0.7,-0.0074,0,False,0.0,0,0,False,1,0.093505839,0,False,0.7,0,0,False,0,0,0,False,0.0,0,False,1.0
162,7,2,286.7679,13077.02267,0,False,0.0109,0,False,1e-24,0.0463,0,False,0.67,-0.0074,0,False,0.0,0,0,False,1,0.101222799,0,False,0.67,0,0,False,0,0,0,False,0.0,0,False,1.0
163,7,1,260.68,13078.23,0,False,5.64,0,False,1e-24,0.05,0,False,0.81,-0.008406,0,False,1.9e-05,0,0,False,1,0.09,0,False,0.81,0,0,False,0,0,0,False,0.000511,0,False,3.070700343
164,7,1,260.5009,13078.4091,0,False,8.240000000000001e-05,0,False,1e-24,0.0458,0,False,0.67,-0.0074,0,False,0.0,0,0,False,1,0.104550816,0,False,0.67,0,0,False,0,0,0,False,0.0,0,False,1.0
165,7,3,255.5952,13078.73096,0,False,0.00245,0,False,1e-24,0.047,0,False,0.7,-0.0074,0,False,0.0,0,0,False,1,0.093505839,0,False,0.7,0,0,False,0,0,0,False,0.0,0,False,1.0
166,7,2,284.8744,13078.91621,0,False,0.0101,0,False,1e-24,0.0463,0,False,0.7,-0.0074,0,False,0.0,0,0,False,1,0.092020726,0,False,0.7,0,0,False,0,0,0,False,0.0,0,False,1.0
167,7,3,253.6934,13080.63274,0,False,0.00225,0,False,1e-24,0.047,0,False,0.72,-0.0074,0,False,0.0,0,0,False,1,0.087272116,0,False,0.72,0,0,False,0,0,0,False,0.0,0,False,1.0
168,7,2,248.7954,13080.87212,0,False,0.0122,0,False,1e-24,0.047,0,False,0.7,-0.0074,0,False,0.0,0,0,False,1,0.092020726,0,False,0.7,0,0,False,0,0,0,False,0.0,0,False,1.0
169,7,3,219.3566,13082.59743,0,False,0.00272,0,False,1e-24,0.0473,0,False,0.72,-0.0074,0,False,0.0,0,0,False,1,0.087272116,0,False,0.72,0,0,False,0,0,0,False,0.0,0,False,1.0
170,7,2,246.8923,13082.77517,0,False,0.0112,0,False,1e-24,0.047,0,False,0.72,-0.0074,0,False,0.0,0,0,False,1,0.085886011,0,False,0.72,0,0,False,0,0,0,False,0.0,0,False,1.0
171,7,1,190.77,13084.2,0,False,7.49,0,False,1e-24,0.05,0,False,0.82,-0.007635,0,False,2.4e-05,0,0,False,1,0.1,0,False,0.82,0,0,False,0,0,0,False,0.000396,0,False,1.807465693
172,7,3,217.4447,13084.50936,0,False,0.00247,0,False,1e-24,0.0473,0,False,0.72,-0.00755,0,False,0.0,0,0,False,1,0.087272116,0,False,0.72,0,0,False,0,0,0,False,0.0,0,False,1.0
173,7,2,213.5291,13084.63441,0,False,0.0135,0,False,1e-24,0.0473,0,False,0.72,-0.0074,0,False,0.0,0,0,False,1,0.085886011,0,False,0.72,0,0,False,0,0,0,False,0.0,0,False,1.0
174,7,1,188.85,13086.13,0,False,6.73,0,False,1e-24,0.05,0,False,0.81,-0.008315,0,False,1.8e-05,0,0,False,1,0.09,0,False,0.81,0,0,False,0,0,0,False,0.000299,0,False,-1.535079169
175,7,1,188.7134,13086.26482,0,False,0.0001,0,False,1e-24,0.0468,0,False,0.72,-0.0074,0,False,0.0,0,0,False,1,0.088709784,0,False,0.72,0,0,False,0,0,0,False,0.0,0,False,1.0
176,7,3,185.9002,13086.37435,0,False,0.00295,0,False,1e-24,0.048,0,False,0.72,-0.00755,0,False,0.0,0,0,False,1,0.087272116,0,False,0.72,0,0,False,0,0,0,False,0.0,0,False,1.0
177,7,2,211.6163,13086.54725,0,False,0.0123,0,False,1e-24,0.0473,0,False,0.72,-0.00755,0,False,0.0,0,0,False,1,0.085886011,0,False,0.72,0,0,False,0,0,0,False,0.0,0,False,1.0
178,7,1,42.2001,13088.15293,0,False,1.8700000000000004e-05,0,False,1e-24,0.053,0,False,0.72,-0.00645,0,False,0.0,0,0,False,1,0.088709784,0,False,0.72,0,0,False,0,0,0,False,0.0,0,False,1.0
179,7,3,183.9777,13088.29681,0,False,0.00265,0,False,1e-24,0.048,0,False,0.73,-0.0075,0,False,0.0,0,0,False,1,0.084155255,0,False,0.73,0,0,False,0,0,0,False,0.0,0,False,1.0
180,7,2,180.9705,13088.30957,0,False,0.0146,0,False,1e-24,0.048,0,False,0.72,-0.00755,0,False,0.0,0,0,False,1,0.085886011,0,False,0.72,0,0,False,0,0,0,False,0.0,0,False,1.0
181,7,3,155.2271,13090.06173,0,False,0.00314,0,False,1e-24,0.0483,0,False,0.73,-0.0075,0,False,0.0,0,0,False,1,0.084155255,0,False,0.73,0,0,False,0,0,0,False,0.0,0,False,1.0
182,7,2,179.0475,13090.23257,0,False,0.0131,0,False,1e-24,0.048,0,False,0.73,-0.0075,0,False,0.0,0,0,False,1,0.082818654,0,False,0.73,0,0,False,0,0,0,False,0.0,0,False,1.0
183,7,1,130.44,13091.71,0,False,8.360000000000001,0,False,1e-24,0.05,0,False,0.84,-0.007955,0,False,2e-05,0,0,False,1,0.09,0,False,0.84,0,0,False,0,0,0,False,0.000153,0,False,2.155916203
184,7,2,151.1207,13091.89764,0,False,0.0154,0,False,1e-24,0.0483,0,False,0.73,-0.0075,0,False,0.0,0,0,False,1,0.082818654,0,False,0.73,0,0,False,0,0,0,False,0.0,0,False,1.0
185,7,3,153.2936,13091.99523,0,False,0.00279,0,False,1e-24,0.0483,0,False,0.74,-0.0075,0,False,0.0,0,0,False,1,0.081038394,0,False,0.74,0,0,False,0,0,0,False,0.0,0,False,1.0
186,7,3,127.3387,13093.6596,0,False,0.00326,0,False,1e-24,0.049,0,False,0.74,-0.0075,0,False,0.0,0,0,False,1,0.081038394,0,False,0.74,0,0,False,0,0,0,False,0.0,0,False,1.0
187,7,1,128.49,13093.66,0,False,7.330000000000001,0,False,1e-24,0.05,0,False,0.86,-0.007955,0,False,1.9e-05,0,0,False,1,0.08,0,False,0.86,0,0,False,0,0,0,False,2.2e-05,0,False,-0.098967628
188,7,1,128.3977,13093.75013,0,False,0.000112,0,False,1e-24,0.0478,0,False,0.73,-0.0075,0,False,0.0,0,0,False,1,0.085541577,0,False,0.73,0,0,False,0,0,0,False,0.0,0,False,1.0
189,7,2,149.1871,13093.83126,0,False,0.0138,0,False,1e-24,0.0483,0,False,0.74,-0.0075,0,False,0.0,0,0,False,1,0.079751296,0,False,0.74,0,0,False,0,0,0,False,0.0,0,False,1.0
190,7,2,123.9809,13095.39861,0,False,0.016,0,False,1e-24,0.049,0,False,0.74,-0.0075,0,False,0.0,0,0,False,1,0.079751296,0,False,0.74,0,0,False,0,0,0,False,0.0,0,False,1.0
191,7,3,125.3935,13095.60482,0,False,0.00287,0,False,1e-24,0.049,0,False,0.74,-0.0073,0,False,0.0,0,0,False,1,0.081038394,0,False,0.74,0,0,False,0,0,0,False,0.0,0,False,1.0
192,7,3,102.2361,13097.16793,0,False,0.00332,0,False,1e-24,0.0497,0,False,0.74,-0.0073,0,False,0.0,0,0,False,1,0.081038394,0,False,0.74,0,0,False,0,0,0,False,0.0,0,False,1.0
193,7,2,122.036,13097.34349,0,False,0.0141,0,False,1e-24,0.049,0,False,0.74,-0.0073,0,False,0.0,0,0,False,1,0.079751296,0,False,0.74,0,0,False,0,0,0,False,0.0,0,False,1.0
194,7,2,99.5521,13098.81248,0,False,0.0162,0,False,1e-24,0.0497,0,False,0.74,-0.0073,0,False,0.0,0,0,False,1,0.079751296,0,False,0.74,0,0,False,0,0,0,False,0.0,0,False,1.0
195,7,1,81.58,13098.85,0,False,8.47,0,False,1e-24,0.05,0,False,0.82,-0.007856,0,False,2e-05,0,0,False,1,0.1,0,False,0.82,0,0,False,0,0,0,False,-0.00017,0,False,2.640868042
196,7,3,100.2782,13099.12585,0,False,0.00287,0,False,1e-24,0.0497,0,False,0.73,-0.007,0,False,0.0,0,0,False,1,0.084155255,0,False,0.73,0,0,False,0,0,0,False,0.0,0,False,1.0
197,7,3,79.9201,13100.58673,0,False,0.00328,0,False,1e-24,0.0507,0,False,0.73,-0.007,0,False,0.0,0,0,False,1,0.084155255,0,False,0.73,0,0,False,0,0,0,False,0.0,0,False,1.0
198,7,2,97.595,13100.76953,0,False,0.014,0,False,1e-24,0.0497,0,False,0.73,-0.007,0,False,0.0,0,0,False,1,0.082818654,0,False,0.73,0,0,False,0,0,0,False,0.0,0,False,1.0
199,7,1,79.61,13100.82,0,False,7.15,0,False,1e-24,0.05,0,False,0.85,-0.007856,0,False,1.7e-05,0,0,False,1,0.08,0,False,0.85,0,0,False,0,0,0,False,-0.00037,0,False,0.497947191
200,7,1,44.21,13105.61713,0,False,7.62,0,False,1e-24,0.05,0,False,0.82,-0.007626,0,False,1.7e-05,0,0,False,1,0.09,0,False,0.82,0,0,False,0,0,0,False,-0.00064,0,False,0.345541979
201,7,1,79.5646,13100.86414,0,False,0.000114,0,False,1e-24,0.0491,0,False,0.74,-0.0073,0,False,0.0,0,0,False,1,0.082373371,0,False,0.74,0,0,False,0,0,0,False,0.0,0,False,1.0
202,7,2,77.8353,13102.13924,0,False,0.016,0,False,1e-24,0.0507,0,False,0.73,-0.007,0,False,0.0,0,0,False,1,0.082818654,0,False,0.73,0,0,False,0,0,0,False,0.0,0,False,1.0
203,7,3,77.9481,13102.55875,0,False,0.00278,0,False,1e-24,0.0507,0,False,0.73,-0.0071,0,False,0.0,0,0,False,1,0.084155255,0,False,0.73,0,0,False,0,0,0,False,0.0,0,False,1.0
204,7,3,60.3917,13103.91597,0,False,0.00316,0,False,1e-24,0.0517,0,False,0.73,-0.0071,0,False,0.0,0,0,False,1,0.084155255,0,False,0.73,0,0,False,0,0,0,False,0.0,0,False,1.0
205,7,2,75.8648,13104.10977,0,False,0.0136,0,False,1e-24,0.0507,0,False,0.73,-0.0071,0,False,0.0,0,0,False,1,0.082818654,0,False,0.73,0,0,False,0,0,0,False,0.0,0,False,1.0
206,7,2,58.8313,13105.37888,0,False,0.0153,0,False,1e-24,0.0517,0,False,0.73,-0.0071,0,False,0.0,0,0,False,1,0.082818654,0,False,0.73,0,0,False,0,0,0,False,0.0,0,False,1.0
207,7,3,58.4034,13105.90425,0,False,0.0026,0,False,1e-24,0.0517,0,False,0.74,-0.0071,0,False,0.0,0,0,False,1,0.081038394,0,False,0.74,0,0,False,0,0,0,False,0.0,0,False,1.0
208,7,3,43.6517,13107.15561,0,False,0.00294,0,False,1e-24,0.0531,0,False,0.74,-0.0071,0,False,0.0,0,0,False,1,0.081038394,0,False,0.74,0,0,False,0,0,0,False,0.0,0,False,1.0
209,7,2,56.8452,13107.3649,0,False,0.0127,0,False,1e-24,0.0517,0,False,0.74,-0.0071,0,False,0.0,0,0,False,1,0.079751296,0,False,0.74,0,0,False,0,0,0,False,0.0,0,False,1.0
210,7,1,42.224,13107.60461,0,False,0.000102,0,False,1e-24,0.0507,0,False,0.73,-0.0071,0,False,0.0,0,0,False,1,0.085541577,0,False,0.73,0,0,False,0,0,0,False,0.0,0,False,1.0
211,7,1,42.2,13107.63,0,False,6.01,0,False,1e-24,0.05,0,False,0.84,-0.007546,0,False,1.4e-05,0,0,False,1,0.08,0,False,0.84,0,0,False,0,0,0,False,-0.00098,0,False,0.637854385
212,7,2,42.5407,13108.53134,0,False,0.0142,0,False,1e-24,0.0531,0,False,0.74,-0.0071,0,False,0.0,0,0,False,1,0.079751296,0,False,0.74,0,0,False,0,0,0,False,0.0,0,False,1.0
213,7,3,41.6435,13109.16378,0,False,0.00233,0,False,1e-24,0.0531,0,False,0.72,-0.00645,0,False,0.0,0,0,False,1,0.087272116,0,False,0.72,0,0,False,0,0,0,False,0.0,0,False,1.0
214,7,3,29.7006,13110.30559,0,False,0.00262,0,False,1e-24,0.0544,0,False,0.72,-0.00645,0,False,0.0,0,0,False,1,0.087272116,0,False,0.72,0,0,False,0,0,0,False,0.0,0,False,1.0
215,7,2,40.5358,13110.53625,0,False,0.0113,0,False,1e-24,0.0531,0,False,0.72,-0.00645,0,False,0.0,0,0,False,1,0.085886011,0,False,0.72,0,0,False,0,0,0,False,0.0,0,False,1.0
216,7,2,28.9644,13111.59659,0,False,0.0127,0,False,1e-24,0.0544,0,False,0.72,-0.00645,0,False,0.0,0,0,False,1,0.085886011,0,False,0.72,0,0,False,0,0,0,False,0.0,0,False,1.0
217,7,1,18.34,13112.02,0,False,5.75,0,False,1e-24,0.06,0,False,0.79,-0.006526,0,False,1.5e-05,0,0,False,1,0.1,0,False,0.79,0,0,False,0,0,0,False,-0.00137,0,False,-0.508796392
218,7,3,27.6658,13112.34044,0,False,0.00196,0,False,1e-24,0.0544,0,False,0.7,-0.0056,0,False,0.0,0,0,False,1,0.093505839,0,False,0.7,0,0,False,0,0,0,False,0.0,0,False,1.0
219,7,3,18.5392,13113.36587,0,False,0.00221,0,False,1e-24,0.0564,0,False,0.7,-0.0056,0,False,0.0,0,0,False,1,0.093505839,0,False,0.7,0,0,False,0,0,0,False,0.0,0,False,1.0
220,7,2,26.9343,13113.6267,0,False,0.00953,0,False,1e-24,0.0544,0,False,0.7,-0.0056,0,False,0.0,0,0,False,1,0.092020726,0,False,0.7,0,0,False,0,0,0,False,0.0,0,False,1.0
221,7,1,16.3876,13113.96544,0,False,7.65e-05,0,False,1e-24,0.053,0,False,0.72,-0.00645,0,False,0.0,0,0,False,1,0.088709784,0,False,0.72,0,0,False,0,0,0,False,0.0,0,False,1.0
222,7,1,16.25,13114.1,0,False,3.91,0,False,1e-24,0.06,0,False,0.76,-0.006248,0,False,1e-05,0,0,False,1,0.12,0,False,0.76,0,0,False,0,0,0,False,-0.00221,0,False,0.843026954
223,7,2,18.1026,13114.57457,0,False,0.0107,0,False,1e-24,0.0564,0,False,0.7,-0.0056,0,False,0.0,0,0,False,1,0.092020726,0,False,0.7,0,0,False,0,0,0,False,0.0,0,False,1.0
224,7,3,16.4625,13115.44249,0,False,0.00151,0,False,1e-24,0.0564,0,False,0.71,-0.0051,0,False,0.0,0,0,False,1,0.090388977,0,False,0.71,0,0,False,0,0,0,False,0.0,0,False,1.0
225,7,3,10.1677,13116.33635,0,False,0.00173,0,False,1e-24,0.0585,0,False,0.71,-0.0051,0,False,0.0,0,0,False,1,0.090388977,0,False,0.71,0,0,False,0,0,0,False,0.0,0,False,1.0
226,7,2,16.0333,13116.64394,0,False,0.00736,0,False,1e-24,0.0564,0,False,0.71,-0.0051,0,False,0.0,0,0,False,1,0.088953369,0,False,0.71,0,0,False,0,0,0,False,0.0,0,False,1.0
227,7,2,9.956,13117.4652,0,False,0.00832,0,False,1e-24,0.0585,0,False,0.71,-0.0051,0,False,0.0,0,0,False,1,0.088953369,0,False,0.71,0,0,False,0,0,0,False,0.0,0,False,1.0
228,7,1,3.96,13118.04,0,False,3.08,0,False,1e-24,0.06,0,False,0.82,-0.004309,0,False,-3.9e-06,0,0,False,1,0.08,0,False,0.82,0,0,False,0,0,0,False,-0.00246,0,False,0.827556509
229,7,3,8.0022,13118.50178,0,False,0.000999,0,False,1e-24,0.0585,0,False,0.72,-0.0052,0,False,0.0,0,0,False,1,0.087272116,0,False,0.72,0,0,False,0,0,0,False,0.0,0,False,1.0
230,7,3,4.5865,13119.21697,0,False,0.00118,0,False,1e-24,0.0615,0,False,0.72,-0.0052,0,False,0.0,0,0,False,1,0.087272116,0,False,0.72,0,0,False,0,0,0,False,0.0,0,False,1.0
231,7,2,7.8036,13119.61758,0,False,0.00487,0,False,1e-24,0.0585,0,False,0.72,-0.0052,0,False,0.0,0,0,False,1,0.085886011,0,False,0.72,0,0,False,0,0,0,False,0.0,0,False,1.0
232,7,1,2.0843,13119.92145,0,False,3.5900000000000005e-05,0,False,1e-24,0.0563,0,False,0.71,-0.0051,0,False,0.0,0,0,False,1,0.09187799,0,False,0.71,0,0,False,0,0,0,False,0.0,0,False,1.0
233,7,2,4.5247,13120.2684,0,False,0.0057,0,False,1e-24,0.0615,0,False,0.72,-0.0052,0,False,0.0,0,0,False,1,0.085886011,0,False,0.72,0,0,False,0,0,0,False,0.0,0,False,1.0
234,7,1,3.96,13126.39,0,False,1.54,0,False,1e-24,0.06,0,False,0.79,-0.0032814,0,False,-9.9e-06,0,0,False,1,0.07,0,False,0.79,0,0,False,0,0,0,False,0.003364,0,False,0.843026954
235,7,3,0.0,13126.50401,0,False,0.000773,0,False,1e-24,0.0585,0,False,0.72,-0.0052,0,False,0.0,0,0,False,1,0.087272116,0,False,0.72,0,0,False,0,0,0,False,0.0,0,False,1.0
236,7,3,4.5865,13127.31854,0,False,0.00059,0,False,1e-24,0.0564,0,False,0.71,-0.005,0,False,0.0,0,0,False,1,0.090388977,0,False,0.71,0,0,False,0,0,0,False,0.0,0,False,1.0
237,7,2,0.0,13127.42118,0,False,0.00367,0,False,1e-24,0.0585,0,False,0.72,-0.0052,0,False,0.0,0,0,False,1,0.085886011,0,False,0.72,0,0,False,0,0,0,False,0.0,0,False,1.0
238,7,2,4.5247,13128.1525,0,False,0.00285,0,False,1e-24,0.0564,0,False,0.71,-0.005,0,False,0.0,0,0,False,1,0.088953369,0,False,0.71,0,0,False,0,0,0,False,0.0,0,False,1.0
239,7,1,2.08,13128.27,0,False,3.59,0,False,1e-24,0.06,0,False,0.81,-0.004668,0,False,-4.4e-06,0,0,False,1,0.08,0,False,0.81,0,0,False,0,0,0,False,0.003386,0,False,-0.508796392
240,7,3,2.7018,13129.2032,0,False,0.00136,0,False,1e-24,0.0564,0,False,0.71,-0.0051,0,False,0.0,0,0,False,1,0.090388977,0,False,0.71,0,0,False,0,0,0,False,0.0,0,False,1.0
241,7,3,10.1677,13129.83858,0,False,0.00115,0,False,1e-24,0.0544,0,False,0.7,-0.0054,0,False,0.0,0,0,False,1,0.093505839,0,False,0.7,0,0,False,0,0,0,False,0.0,0,False,1.0
242,7,2,2.6327,13130.04454,0,False,0.00651,0,False,1e-24,0.0564,0,False,0.71,-0.0051,0,False,0.0,0,0,False,1,0.088953369,0,False,0.71,0,0,False,0,0,0,False,0.0,0,False,1.0
243,7,1,0.0,13130.35305,0,False,4.090000000000001e-06,0,False,1e-24,0.0586,0,False,0.72,-0.0052,0,False,0.0,0,0,False,1,0.088709784,0,False,0.72,0,0,False,0,0,0,False,0.0,0,False,1.0
244,7,2,9.956,13130.60497,0,False,0.00554,0,False,1e-24,0.0544,0,False,0.7,-0.0054,0,False,0.0,0,0,False,1,0.092020726,0,False,0.7,0,0,False,0,0,0,False,0.0,0,False,1.0
245,7,1,18.34,13131.49,0,False,4.3100000000000005,0,False,1e-24,0.05,0,False,0.82,-0.004847,0,False,-1.7e-06,0,0,False,1,0.08,0,False,0.82,0,0,False,0,0,0,False,0.002551,0,False,0.637854385
246,7,3,8.2412,13131.76502,0,False,0.00191,0,False,1e-24,0.0544,0,False,0.7,-0.0056,0,False,0.0,0,0,False,1,0.093505839,0,False,0.7,0,0,False,0,0,0,False,0.0,0,False,1.0
247,7,3,18.5392,13132.26813,0,False,0.00165,0,False,1e-24,0.0531,0,False,0.72,-0.0059,0,False,0.0,0,0,False,1,0.087272116,0,False,0.72,0,0,False,0,0,0,False,0.0,0,False,1.0
248,7,2,8.0247,13132.5363,0,False,0.00914,0,False,1e-24,0.0544,0,False,0.7,-0.0056,0,False,0.0,0,0,False,1,0.092020726,0,False,0.7,0,0,False,0,0,0,False,0.0,0,False,1.0
249,7,2,18.1026,13132.96944,0,False,0.00798,0,False,1e-24,0.0531,0,False,0.72,-0.0059,0,False,0.0,0,0,False,1,0.085886011,0,False,0.72,0,0,False,0,0,0,False,0.0,0,False,1.0
250,7,1,16.39,13133.44,0,False,6.24,0,False,1e-24,0.05,0,False,0.82,-0.005386,0,False,-8.2e-07,0,0,False,1,0.09,0,False,0.82,0,0,False,0,0,0,False,0.00206,0,False,0.345541979
251,7,1,16.2529,13133.57572,0,False,5.120000000000001e-05,0,False,1e-24,0.0563,0,False,0.71,-0.0051,0,False,0.0,0,0,False,1,0.09187799,0,False,0.71,0,0,False,0,0,0,False,0.0,0,False,1.0
252,7,3,16.586,13134.22128,0,False,0.00239,0,False,1e-24,0.0531,0,False,0.72,-0.00645,0,False,0.0,0,0,False,1,0.087272116,0,False,0.72,0,0,False,0,0,0,False,0.0,0,False,1.0
253,7,3,29.7006,13134.60705,0,False,0.00209,0,False,1e-24,0.0517,0,False,0.74,-0.006,0,False,0.0,0,0,False,1,0.081038394,0,False,0.74,0,0,False,0,0,0,False,0.0,0,False,1.0
254,7,2,16.1461,13134.92601,0,False,0.0115,0,False,1e-24,0.0531,0,False,0.72,-0.00645,0,False,0.0,0,0,False,1,0.085886011,0,False,0.72,0,0,False,0,0,0,False,0.0,0,False,1.0
255,7,2,28.9644,13135.24577,0,False,0.0101,0,False,1e-24,0.0517,0,False,0.74,-0.006,0,False,0.0,0,0,False,1,0.079751296,0,False,0.74,0,0,False,0,0,0,False,0.0,0,False,1.0
256,7,1,44.21,13136.22,0,False,6.33,0,False,1e-24,0.05,0,False,0.82,-0.005856,0,False,4.2e-06,0,0,False,1,0.09,0,False,0.82,0,0,False,0,0,0,False,0.001681,0,False,0.497947191
257,7,3,27.7276,13136.58014,0,False,0.00279,0,False,1e-24,0.0517,0,False,0.74,-0.0071,0,False,0.0,0,0,False,1,0.081038394,0,False,0.74,0,0,False,0,0,0,False,0.0,0,False,1.0
258,7,3,43.6517,13136.85516,0,False,0.00244,0,False,1e-24,0.0507,0,False,0.73,-0.0061,0,False,0.0,0,0,False,1,0.084155255,0,False,0.73,0,0,False,0,0,0,False,0.0,0,False,1.0
259,7,2,26.9889,13137.22126,0,False,0.0134,0,False,1e-24,0.0517,0,False,0.74,-0.0071,0,False,0.0,0,0,False,1,0.079751296,0,False,0.74,0,0,False,0,0,0,False,0.0,0,False,1.0
260,7,2,42.5407,13137.43378,0,False,0.0118,0,False,1e-24,0.0507,0,False,0.73,-0.0061,0,False,0.0,0,0,False,1,0.082818654,0,False,0.73,0,0,False,0,0,0,False,0.0,0,False,1.0
261,7,1,42.22,13138.21,0,False,8.06,0,False,1e-24,0.05,0,False,0.83,-0.006246,0,False,7.2e-06,0,0,False,1,0.09,0,False,0.83,0,0,False,0,0,0,False,0.001354,0,False,2.640868042
262,7,1,42.2001,13138.22863,0,False,8.090000000000001e-05,0,False,1e-24,0.053,0,False,0.72,-0.00645,0,False,0.0,0,0,False,1,0.088709784,0,False,0.72,0,0,False,0,0,0,False,0.0,0,False,1.0
263,7,3,41.6623,13138.84456,0,False,0.0031,0,False,1e-24,0.0507,0,False,0.73,-0.0071,0,False,0.0,0,0,False,1,0.084155255,0,False,0.73,0,0,False,0,0,0,False,0.0,0,False,1.0
264,7,3,60.3917,13139.01229,0,False,0.0027,0,False,1e-24,0.0497,0,False,0.73,-0.0061,0,False,0.0,0,0,False,1,0.084155255,0,False,0.73,0,0,False,0,0,0,False,0.0,0,False,1.0
265,7,2,40.5497,13139.42481,0,False,0.015,0,False,1e-24,0.0507,0,False,0.73,-0.0071,0,False,0.0,0,0,False,1,0.082818654,0,False,0.73,0,0,False,0,0,0,False,0.0,0,False,1.0
266,7,2,58.8313,13139.53332,0,False,0.0131,0,False,1e-24,0.0497,0,False,0.73,-0.0061,0,False,0.0,0,0,False,1,0.082818654,0,False,0.73,0,0,False,0,0,0,False,0.0,0,False,1.0
267,7,1,81.58,13140.57,0,False,7.31,0,False,1e-24,0.05,0,False,0.84,-0.006286,0,False,1.1e-05,0,0,False,1,0.09,0,False,0.84,0,0,False,0,0,0,False,0.001068,0,False,-0.098967628
268,7,3,58.3882,13141.01583,0,False,0.00331,0,False,1e-24,0.0497,0,False,0.73,-0.007,0,False,0.0,0,0,False,1,0.084155255,0,False,0.73,0,0,False,0,0,0,False,0.0,0,False,1.0
269,7,3,79.9201,13141.07824,0,False,0.00286,0,False,1e-24,0.049,0,False,0.74,-0.00615,0,False,0.0,0,0,False,1,0.081038394,0,False,0.74,0,0,False,0,0,0,False,0.0,0,False,1.0
270,7,2,56.8267,13141.53788,0,False,0.016,0,False,1e-24,0.0497,0,False,0.73,-0.007,0,False,0.0,0,0,False,1,0.082818654,0,False,0.73,0,0,False,0,0,0,False,0.0,0,False,1.0
271,7,2,77.8353,13141.5442,0,False,0.0139,0,False,1e-24,0.049,0,False,0.74,-0.00615,0,False,0.0,0,0,False,1,0.079751296,0,False,0.74,0,0,False,0,0,0,False,0.0,0,False,1.0
272,7,1,79.607,13142.54087,0,False,9.66e-05,0,False,1e-24,0.0507,0,False,0.73,-0.0071,0,False,0.0,0,0,False,1,0.085541577,0,False,0.73,0,0,False,0,0,0,False,0.0,0,False,1.0
273,7,1,79.56,13142.58,0,False,8.850000000000001,0,False,1e-24,0.05,0,False,0.83,-0.006586,0,False,1.2e-05,0,0,False,1,0.09,0,False,0.83,0,0,False,0,0,0,False,0.000831,0,False,2.155916203
274,7,3,102.2361,13143.0528,0,False,0.00293,0,False,1e-24,0.0483,0,False,0.74,-0.0062,0,False,0.0,0,0,False,1,0.081038394,0,False,0.74,0,0,False,0,0,0,False,0.0,0,False,1.0
275,7,3,77.9038,13143.09453,0,False,0.00342,0,False,1e-24,0.049,0,False,0.74,-0.0073,0,False,0.0,0,0,False,1,0.081038394,0,False,0.74,0,0,False,0,0,0,False,0.0,0,False,1.0
276,7,2,99.5521,13143.46622,0,False,0.0143,0,False,1e-24,0.0483,0,False,0.74,-0.0062,0,False,0.0,0,0,False,1,0.079751296,0,False,0.74,0,0,False,0,0,0,False,0.0,0,False,1.0
277,7,2,75.8185,13143.56097,0,False,0.0166,0,False,1e-24,0.049,0,False,0.74,-0.0073,0,False,0.0,0,0,False,1,0.079751296,0,False,0.74,0,0,False,0,0,0,False,0.0,0,False,1.0
278,7,1,130.44,13144.54,0,False,7.479999999999999,0,False,1e-24,0.05,0,False,0.83,-0.006686,0,False,1.5e-05,0,0,False,1,0.09,0,False,0.83,0,0,False,0,0,0,False,0.000568,0,False,-1.535079169
279,7,3,127.3387,13144.93577,0,False,0.00292,0,False,1e-24,0.048,0,False,0.73,-0.0062,0,False,0.0,0,0,False,1,0.084155255,0,False,0.73,0,0,False,0,0,0,False,0.0,0,False,1.0
280,7,3,100.208,13145.08089,0,False,0.00344,0,False,1e-24,0.0483,0,False,0.74,-0.0075,0,False,0.0,0,0,False,1,0.081038394,0,False,0.74,0,0,False,0,0,0,False,0.0,0,False,1.0
281,7,2,123.9809,13145.29917,0,False,0.0143,0,False,1e-24,0.048,0,False,0.73,-0.0062,0,False,0.0,0,0,False,1,0.082818654,0,False,0.73,0,0,False,0,0,0,False,0.0,0,False,1.0
282,7,2,97.524,13145.49432,0,False,0.0168,0,False,1e-24,0.0483,0,False,0.74,-0.0075,0,False,0.0,0,0,False,1,0.079751296,0,False,0.74,0,0,False,0,0,0,False,0.0,0,False,1.0
283,7,1,128.492,13146.48618,0,False,9.890000000000002e-05,0,False,1e-24,0.0491,0,False,0.74,-0.0073,0,False,0.0,0,0,False,1,0.082373371,0,False,0.74,0,0,False,0,0,0,False,0.0,0,False,1.0
284,7,1,128.4,13146.58,0,False,8.65,0,False,1e-24,0.05,0,False,0.84,-0.006876,0,False,1.4e-05,0,0,False,1,0.09,0,False,0.84,0,0,False,0,0,0,False,0.000378,0,False,1.807465693
285,7,3,155.2271,13146.7269,0,False,0.00283,0,False,1e-24,0.0473,0,False,0.72,-0.0064,0,False,0.0,0,0,False,1,0.087272116,0,False,0.72,0,0,False,0,0,0,False,0.0,0,False,1.0
286,7,3,125.2995,13146.97497,0,False,0.00337,0,False,1e-24,0.048,0,False,0.73,-0.0075,0,False,0.0,0,0,False,1,0.084155255,0,False,0.73,0,0,False,0,0,0,False,0.0,0,False,1.0
287,7,2,151.1207,13147.04285,0,False,0.0139,0,False,1e-24,0.0473,0,False,0.72,-0.0064,0,False,0.0,0,0,False,1,0.085886011,0,False,0.72,0,0,False,0,0,0,False,0.0,0,False,1.0
288,7,2,121.9421,13147.33798,0,False,0.0165,0,False,1e-24,0.048,0,False,0.73,-0.0075,0,False,0.0,0,0,False,1,0.082818654,0,False,0.73,0,0,False,0,0,0,False,0.0,0,False,1.0
289,7,1,2.0843,13147.74429,0,False,6.09e-06,0,False,1e-24,0.0563,0,False,0.71,-0.0051,0,False,0.0,0,0,False,1,0.09187799,0,False,0.71,0,0,False,0,0,0,False,0.0,0,False,1.0
290,7,1,190.77,13148.14,0,False,6.8100000000000005,0,False,1e-24,0.05,0,False,0.82,-0.007046,0,False,1.8e-05,0,0,False,1,0.09,0,False,0.82,0,0,False,0,0,0,False,0.00011,0,False,3.070700343
291,7,1,2956.34,13148.39,0,False,4.03e-05,0,False,1e-24,0.02,0,False,0.63,-0.0105,0,False,5e-05,0,0,False,1,0.1,0,False,0.63,0,0,False,0,0,0,False,0.0,0,False,1.0
292,7,3,185.9002,13148.42596,0,False,0.00268,0,False,1e-24,0.047,0,False,0.72,-0.00665,0,False,0.0,0,0,False,1,0.087272116,0,False,0.72,0,0,False,0,0,0,False,0.0,0,False,1.0
293,7,2,180.9705,13148.69702,0,False,0.0132,0,False,1e-24,0.047,0,False,0.72,-0.00665,0,False,0.0,0,0,False,1,0.085886011,0,False,0.72,0,0,False,0,0,0,False,0.0,0,False,1.0
294,7,3,153.1773,13148.77672,0,False,0.00323,0,False,1e-24,0.0473,0,False,0.72,-0.00755,0,False,0.0,0,0,False,1,0.087272116,0,False,0.72,0,0,False,0,0,0,False,0.0,0,False,1.0
295,7,2,149.0716,13149.09189,0,False,0.0158,0,False,1e-24,0.0473,0,False,0.72,-0.00755,0,False,0.0,0,0,False,1,0.085886011,0,False,0.72,0,0,False,0,0,0,False,0.0,0,False,1.0
296,7,3,219.3566,13150.0327,0,False,0.00249,0,False,1e-24,0.0463,0,False,0.7,-0.0069,0,False,0.0,0,0,False,1,0.093505839,0,False,0.7,0,0,False,0,0,0,False,0.0,0,False,1.0
297,7,1,188.8531,13150.05691,0,False,9.09e-05,0,False,1e-24,0.0478,0,False,0.73,-0.0075,0,False,0.0,0,0,False,1,0.085541577,0,False,0.73,0,0,False,0,0,0,False,0.0,0,False,1.0
298,7,1,188.71,13150.2,0,False,7.7,0,False,1e-24,0.05,0,False,0.83,-0.007216,0,False,1.9e-05,0,0,False,1,0.08,0,False,0.83,0,0,False,0,0,0,False,-5.7e-05,0,False,1.849878493
299,7,2,213.5291,13150.26145,0,False,0.0123,0,False,1e-24,0.0463,0,False,0.7,-0.0069,0,False,0.0,0,0,False,1,0.092020726,0,False,0.7,0,0,False,0,0,0,False,0.0,0,False,1.0
300,7,3,183.8401,13150.48602,0,False,0.00303,0,False,1e-24,0.047,0,False,0.72,-0.0074,0,False,0.0,0,0,False,1,0.087272116,0,False,0.72,0,0,False,0,0,0,False,0.0,0,False,1.0
301,7,2,178.9115,13150.75594,0,False,0.0149,0,False,1e-24,0.047,0,False,0.72,-0.0074,0,False,0.0,0,0,False,1,0.085886011,0,False,0.72,0,0,False,0,0,0,False,0.0,0,False,1.0
302,7,1,2953.97,13150.76,0,False,4.2e-05,0,False,1e-24,0.02,0,False,0.63,-0.01,0,False,5e-05,0,0,False,1,0.1,0,False,0.63,0,0,False,0,0,0,False,0.0,0,False,1.0
303,7,1,262.58,13151.35,0,False,5.680000000000001,0,False,1e-24,0.05,0,False,0.82,-0.007556,0,False,2.2e-05,0,0,False,1,0.09,0,False,0.82,0,0,False,0,0,0,False,-0.00035,0,False,3.389740989
304,7,3,255.5952,13151.54685,0,False,0.00226,0,False,1e-24,0.046,0,False,0.67,-0.0072,0,False,0.0,0,0,False,1,0.102856423,0,False,0.67,0,0,False,0,0,0,False,0.0,0,False,1.0
305,7,2,248.7954,13151.73588,0,False,0.0112,0,False,1e-24,0.046,0,False,0.67,-0.0072,0,False,0.0,0,0,False,1,0.101222799,0,False,0.67,0,0,False,0,0,0,False,0.0,0,False,1.0
306,7,1,2703.84,13151.74,0,False,0.000131,0,False,1e-24,0.02,0,False,0.63,-0.0105,0,False,5e-05,0,0,False,1,0.1,0,False,0.63,0,0,False,0,0,0,False,0.0,0,False,1.0
307,7,3,217.2866,13152.10269,0,False,0.00278,0,False,1e-24,0.0463,0,False,0.7,-0.0074,0,False,0.0,0,0,False,1,0.093505839,0,False,0.7,0,0,False,0,0,0,False,0.0,0,False,1.0
308,7,2,211.4606,13152.32997,0,False,0.0138,0,False,1e-24,0.0463,0,False,0.7,-0.0074,0,False,0.0,0,0,False,1,0.092020726,0,False,0.7,0,0,False,0,0,0,False,0.0,0,False,1.0
309,7,3,294.6144,13152.96812,0,False,0.00201,0,False,1e-24,0.0453,0,False,0.66,-0.0072,0,False,0.0,0,0,False,1,0.105973284,0,False,0.66,0,0,False,0,0,0,False,0.0,0,False,1.0
310,7,2,286.7679,13153.12004,0,False,0.0101,0,False,1e-24,0.0453,0,False,0.66,-0.0072,0,False,0.0,0,0,False,1,0.104290156,0,False,0.66,0,0,False,0,0,0,False,0.0,0,False,1.0
311,7,1,260.6824,13153.24888,0,False,7.620000000000001e-05,0,False,1e-24,0.0468,0,False,0.72,-0.0074,0,False,0.0,0,0,False,1,0.088709784,0,False,0.72,0,0,False,0,0,0,False,0.0,0,False,1.0
312,7,1,260.5,13153.43,0,False,6.31,0,False,1e-24,0.05,0,False,0.81,-0.007536,0,False,2.1e-05,0,0,False,1,0.08,0,False,0.81,0,0,False,0,0,0,False,-0.00051,0,False,1.852149734
313,7,3,253.5155,13153.62655,0,False,0.00251,0,False,1e-24,0.046,0,False,0.67,-0.0074,0,False,0.0,0,0,False,1,0.102856423,0,False,0.67,0,0,False,0,0,0,False,0.0,0,False,1.0
314,7,2,246.7175,13153.81379,0,False,0.0125,0,False,1e-24,0.046,0,False,0.67,-0.0074,0,False,0.0,0,0,False,1,0.101222799,0,False,0.67,0,0,False,0,0,0,False,0.0,0,False,1.0
315,7,1,2701.49,13154.09,0,False,0.000137,0,False,1e-24,0.02,0,False,0.63,-0.01,0,False,5e-05,0,0,False,1,0.1,0,False,0.63,0,0,False,0,0,0,False,0.0,0,False,1.0
316,7,1,345.85,13154.18,0,False,4.37,0,False,1e-24,0.04,0,False,0.8,-0.007977,0,False,2.5e-05,0,0,False,1,0.1,0,False,0.8,0,0,False,0,0,0,False,-0.00086,0,False,3.020137622
317,7,3,336.4128,13154.29624,0,False,0.00176,0,False,1e-24,0.0446,0,False,0.65,-0.0073,0,False,0.0,0,0,False,1,0.109090145,0,False,0.65,0,0,False,0,0,0,False,0.0,0,False,1.0
318,7,2,327.4452,13154.41367,0,False,0.00885,0,False,1e-24,0.0446,0,False,0.65,-0.0073,0,False,0.0,0,0,False,1,0.107357514,0,False,0.65,0,0,False,0,0,0,False,0.0,0,False,1.0
319,7,1,2462.41,13154.64,0,False,0.000405,0,False,1e-24,0.02,0,False,0.63,-0.0105,0,False,5e-05,0,0,False,1,0.1,0,False,0.63,0,0,False,0,0,0,False,0.0,0,False,1.0
320,7,3,292.5252,13155.05735,0,False,0.00222,0,False,1e-24,0.0453,0,False,0.66,-0.0074,0,False,0.0,0,0,False,1,0.105973284,0,False,0.66,0,0,False,0,0,0,False,0.0,0,False,1.0
321,7,2,284.6808,13155.20717,0,False,0.0111,0,False,1e-24,0.0453,0,False,0.66,-0.0074,0,False,0.0,0,0,False,1,0.104290156,0,False,0.66,0,0,False,0,0,0,False,0.0,0,False,1.0
322,7,3,380.9887,13155.5309,0,False,0.00151,0,False,1e-24,0.0439,0,False,0.65,-0.0073,0,False,0.0,0,0,False,1,0.109090145,0,False,0.65,0,0,False,0,0,0,False,0.0,0,False,1.0
323,7,2,370.8258,13155.61648,0,False,0.00764,0,False,1e-24,0.0439,0,False,0.65,-0.0073,0,False,0.0,0,0,False,1,0.107357514,0,False,0.65,0,0,False,0,0,0,False,0.0,0,False,1.0
324,7,1,343.9694,13156.05888,0,False,5.8800000000000006e-05,0,False,1e-24,0.0458,0,False,0.67,-0.0074,0,False,0.0,0,0,False,1,0.104550816,0,False,0.67,0,0,False,0,0,0,False,0.0,0,False,1.0
325,7,1,343.75,13156.28,0,False,4.8,0,False,1e-24,0.04,0,False,0.81,-0.007967,0,False,2.4e-05,0,0,False,1,0.08,0,False,0.81,0,0,False,0,0,0,False,-0.00103,0,False,1.985142148
326,7,3,334.3142,13156.39485,0,False,0.00193,0,False,1e-24,0.0446,0,False,0.65,-0.0074,0,False,0.0,0,0,False,1,0.109090145,0,False,0.65,0,0,False,0,0,0,False,0.0,0,False,1.0
327,7,2,325.349,13156.50987,0,False,0.0097,0,False,1e-24,0.0446,0,False,0.65,-0.0074,0,False,0.0,0,0,False,1,0.107357514,0,False,0.65,0,0,False,0,0,0,False,0.0,0,False,1.0
328,7,1,440.56,13156.62,0,False,3.12,0,False,1e-24,0.04,0,False,0.8,-0.008547,0,False,2.8e-05,0,0,False,1,0.1,0,False,0.8,0,0,False,0,0,0,False,-0.00143,0,False,3.137979657
329,7,3,428.3404,13156.67179,0,False,0.00127,0,False,1e-24,0.0433,0,False,0.65,-0.0075,0,False,0.0,0,0,False,1,0.109090145,0,False,0.65,0,0,False,0,0,0,False,0.0,0,False,1.0
330,7,2,416.908,13156.72817,0,False,0.00649,0,False,1e-24,0.0433,0,False,0.65,-0.0075,0,False,0.0,0,0,False,1,0.107357514,0,False,0.65,0,0,False,0,0,0,False,0.0,0,False,1.0
331,7,1,2460.08,13156.98,0,False,0.000423,0,False,1e-24,0.02,0,False,0.63,-0.01,0,False,5e-05,0,0,False,1,0.1,0,False,0.63,0,0,False,0,0,0,False,0.0,0,False,1.0
332,7,1,2232.08,13157.11,0,False,0.00118,0,False,1e-24,0.02,0,False,0.63,-0.0105,0,False,5e-05,0,0,False,1,0.1,0,False,0.63,0,0,False,0,0,0,False,0.0,0,False,1.0
333,7,3,378.8809,13157.63875,0,False,0.00165,0,False,1e-24,0.0439,0,False,0.65,-0.0075,0,False,0.0,0,0,False,1,0.109090145,0,False,0.65,0,0,False,0,0,0,False,0.0,0,False,1.0
334,7,3,478.466,13157.71857,0,False,0.00106,0,False,1e-24,0.0426,0,False,0.64,-0.0074,0,False,0.0,0,0,False,1,0.112207006,0,False,0.64,0,0,False,0,0,0,False,0.0,0,False,1.0
335,7,2,368.7207,13157.72164,0,False,0.00833,0,False,1e-24,0.0439,0,False,0.65,-0.0075,0,False,0.0,0,0,False,1,0.107357514,0,False,0.65,0,0,False,0,0,0,False,0.0,0,False,1.0
336,7,2,465.69,13157.74843,0,False,0.00542,0,False,1e-24,0.0426,0,False,0.64,-0.0074,0,False,0.0,0,0,False,1,0.110424871,0,False,0.64,0,0,False,0,0,0,False,0.0,0,False,1.0
337,7,1,438.701,13158.4839,0,False,4.210000000000001e-05,0,False,1e-24,0.0447,0,False,0.65,-0.0074,0,False,0.0,0,0,False,1,0.11088723,0,False,0.65,0,0,False,0,0,0,False,0.0,0,False,1.0
338,7,3,531.3635,13158.67091,0,False,0.000863,0,False,1e-24,0.0416,0,False,0.64,-0.0073,0,False,0.0,0,0,False,1,0.112207006,0,False,0.64,0,0,False,0,0,0,False,0.0,0,False,1.0
339,7,2,517.17,13158.67694,0,False,0.00445,0,False,1e-24,0.0416,0,False,0.64,-0.0073,0,False,0.0,0,0,False,1,0.110424871,0,False,0.64,0,0,False,0,0,0,False,0.0,0,False,1.0
340,7,1,546.7,13158.68,0,False,2.08,0,False,1e-24,0.04,0,False,0.77,-0.0087411,0,False,3.3e-05,0,0,False,1,0.09,0,False,0.77,0,0,False,0,0,0,False,-0.00207,0,False,4.257624999
341,7,1,438.44,13158.74,0,False,3.4000000000000004,0,False,1e-24,0.04,0,False,0.82,-0.008568,0,False,2.9e-05,0,0,False,1,0.1,0,False,0.82,0,0,False,0,0,0,False,-0.00164,0,False,2.226019518
342,7,3,426.2234,13158.78878,0,False,0.00139,0,False,1e-24,0.0433,0,False,0.65,-0.0078,0,False,0.0,0,0,False,1,0.109090145,0,False,0.65,0,0,False,0,0,0,False,0.0,0,False,1.0
343,7,2,414.794,13158.84219,0,False,0.00705,0,False,1e-24,0.0433,0,False,0.65,-0.0078,0,False,0.0,0,0,False,1,0.107357514,0,False,0.65,0,0,False,0,0,0,False,0.0,0,False,1.0
344,7,1,2012.89,13159.14,0,False,0.00325,0,False,1e-24,0.02,0,False,0.63,-0.0105,0,False,5e-05,0,0,False,1,0.1,0,False,0.63,0,0,False,0,0,0,False,0.0,0,False,1.0
345,7,1,2229.76,13159.42,0,False,0.00124,0,False,1e-24,0.02,0,False,0.63,-0.01,0,False,5e-05,0,0,False,1,0.1,0,False,0.63,0,0,False,0,0,0,False,0.0,0,False,1.0
346,7,2,571.346,13159.51336,0,False,0.0036,0,False,1e-24,0.0409,0,False,0.63,-0.0073,0,False,0.0,0,0,False,1,0.113492229,0,False,0.63,0,0,False,0,0,0,False,0.0,0,False,1.0
347,7,3,587.0309,13159.52846,0,False,0.000693,0,False,1e-24,0.0409,0,False,0.63,-0.0073,0,False,0.0,0,0,False,1,0.115323868,0,False,0.63,0,0,False,0,0,0,False,0.0,0,False,1.0
348,7,3,476.34,13159.84462,0,False,0.00114,0,False,1e-24,0.0426,0,False,0.64,-0.0083,0,False,0.0,0,0,False,1,0.112207006,0,False,0.64,0,0,False,0,0,0,False,0.0,0,False,1.0
349,7,2,463.5672,13159.87123,0,False,0.00586,0,False,1e-24,0.0426,0,False,0.64,-0.0083,0,False,0.0,0,0,False,1,0.110424871,0,False,0.64,0,0,False,0,0,0,False,0.0,0,False,1.0
350,7,2,628.216,13160.25736,0,False,0.00287,0,False,1e-24,0.0399,0,False,0.63,-0.0083,0,False,0.0,0,0,False,1,0.113492229,0,False,0.63,0,0,False,0,0,0,False,0.0,0,False,1.0
351,7,3,645.466,13160.29085,0,False,0.000547,0,False,1e-24,0.0399,0,False,0.63,-0.0083,0,False,0.0,0,0,False,1,0.115323868,0,False,0.63,0,0,False,0,0,0,False,0.0,0,False,1.0
352,7,1,664.26,13160.34,0,False,1.3,0,False,1e-24,0.04,0,False,0.74,-0.0095512,0,False,2.5e-05,0,0,False,1,0.13,0,False,0.74,0,0,False,0,0,0,False,-0.00218,0,False,5.229704566
353,7,1,544.8622,13160.52096,0,False,2.8200000000000004e-05,0,False,1e-24,0.0434,0,False,0.65,-0.0078,0,False,0.0,0,0,False,1,0.11088723,0,False,0.65,0,0,False,0,0,0,False,0.0,0,False,1.0
354,7,3,1752.6762,13160.7381,0,False,4.1900000000000005e-06,0,False,1e-24,0.0266,0,False,0.63,-0.0105,0,False,0.0,0,0,False,1,0.115323868,0,False,0.63,0,0,False,0,0,0,False,0.0,0,False,1.0
355,7,1,1804.87,13160.74,0,False,0.00846,0,False,1e-24,0.03,0,False,0.63,-0.0105,0,False,5e-05,0,0,False,1,0.1,0,False,0.63,0,0,False,0,0,0,False,-0.15059,0,False,11.02983704
356,7,2,1705.8516,13160.74642,0,False,2.53e-05,0,False,1e-24,0.0266,0,False,0.63,-0.0105,0,False,0.0,0,0,False,1,0.113492229,0,False,0.63,0,0,False,0,0,0,False,0.0,0,False,1.0
357,7,3,529.2285,13160.80595,0,False,0.000931,0,False,1e-24,0.0416,0,False,0.64,-0.0085,0,False,0.0,0,0,False,1,0.112207006,0,False,0.64,0,0,False,0,0,0,False,0.0,0,False,1.0
358,7,2,515.0385,13160.80845,0,False,0.0048,0,False,1e-24,0.0416,0,False,0.64,-0.0085,0,False,0.0,0,0,False,1,0.110424871,0,False,0.64,0,0,False,0,0,0,False,0.0,0,False,1.0
359,7,1,544.57,13160.82,0,False,2.25,0,False,1e-24,0.04,0,False,0.77,-0.009099,0,False,2.9e-05,0,0,False,1,0.1,0,False,0.77,0,0,False,0,0,0,False,-0.0024,0,False,2.668600473
360,7,2,687.7777,13160.90857,0,False,0.00225,0,False,1e-24,0.0389,0,False,0.63,-0.0087,0,False,0.0,0,0,False,1,0.113492229,0,False,0.63,0,0,False,0,0,0,False,0.0,0,False,1.0
361,7,3,706.6664,13160.9577,0,False,0.000426,0,False,1e-24,0.0389,0,False,0.63,-0.0087,0,False,0.0,0,0,False,1,0.115323868,0,False,0.63,0,0,False,0,0,0,False,0.0,0,False,1.0
362,7,2,1611.5421,13161.33944,0,False,3.89e-05,0,False,1e-24,0.0272,0,False,0.63,-0.0102,0,False,0.0,0,0,False,1,0.113492229,0,False,0.63,0,0,False,0,0,0,False,0.0,0,False,1.0
363,7,3,1655.7848,13161.3534,0,False,6.51e-06,0,False,1e-24,0.0272,0,False,0.63,-0.0102,0,False,0.0,0,0,False,1,0.115323868,0,False,0.63,0,0,False,0,0,0,False,0.0,0,False,1.0
364,7,1,2010.59,13161.44,0,False,0.00341,0,False,1e-24,0.02,0,False,0.63,-0.01,0,False,5e-05,0,0,False,1,0.1,0,False,0.63,0,0,False,0,0,0,False,0.0,0,False,1.0
365,7,2,750.0289,13161.46663,0,False,0.00174,0,False,1e-24,0.0375,0,False,0.63,-0.0091,0,False,0.0,0,0,False,1,0.113492229,0,False,0.63,0,0,False,0,0,0,False,0.0,0,False,1.0
366,7,3,770.6298,13161.52863,0,False,0.000326,0,False,1e-24,0.0375,0,False,0.63,-0.0091,0,False,0.0,0,0,False,1,0.115323868,0,False,0.63,0,0,False,0,0,0,False,0.0,0,False,1.0
367,7,1,793.21,13161.61,0,False,0.76,0,False,1e-24,0.04,0,False,0.79,-0.0100917,0,False,3.6e-05,0,0,False,1,0.13,0,False,0.79,0,0,False,0,0,0,False,-0.00295,0,False,4.437632126
368,7,2,569.2059,13161.65353,0,False,0.00387,0,False,1e-24,0.0409,0,False,0.63,-0.0089,0,False,0.0,0,0,False,1,0.113492229,0,False,0.63,0,0,False,0,0,0,False,0.0,0,False,1.0
369,7,3,584.887,13161.67242,0,False,0.000745,0,False,1e-24,0.0409,0,False,0.63,-0.0089,0,False,0.0,0,0,False,1,0.115323868,0,False,0.63,0,0,False,0,0,0,False,0.0,0,False,1.0
370,7,2,1519.8867,13161.83391,0,False,5.9e-05,0,False,1e-24,0.0278,0,False,0.63,-0.0101,0,False,0.0,0,0,False,1,0.113492229,0,False,0.63,0,0,False,0,0,0,False,0.0,0,False,1.0
371,7,3,1561.619,13161.86708,0,False,9.99e-06,0,False,1e-24,0.0278,0,False,0.63,-0.0101,0,False,0.0,0,0,False,1,0.115323868,0,False,0.63,0,0,False,0,0,0,False,0.0,0,False,1.0
372,7,1,1608.07,13161.92,0,False,0.0208,0,False,1e-24,0.03,0,False,0.63,-0.00741,0,False,5e-05,0,0,False,1,0.1,0,False,0.63,0,0,False,0,0,0,False,-0.06827,0,False,11.05334543
373,7,2,814.9672,13161.93116,0,False,0.00132,0,False,1e-24,0.0365,0,False,0.63,-0.0092,0,False,0.0,0,0,False,1,0.113492229,0,False,0.63,0,0,False,0,0,0,False,0.0,0,False,1.0
374,7,3,837.3536,13162.00323,0,False,0.000246,0,False,1e-24,0.0365,0,False,0.63,-0.0092,0,False,0.0,0,0,False,1,0.115323868,0,False,0.63,0,0,False,0,0,0,False,0.0,0,False,1.0
375,7,1,662.4359,13162.16695,0,False,1.7600000000000004e-05,0,False,1e-24,0.0417,0,False,0.64,-0.0085,0,False,0.0,0,0,False,1,0.114055436,0,False,0.64,0,0,False,0,0,0,False,0.0,0,False,1.0
376,7,2,1430.8889,13162.23036,0,False,8.82e-05,0,False,1e-24,0.0286,0,False,0.63,-0.01,0,False,0.0,0,0,False,1,0.113492229,0,False,0.63,0,0,False,0,0,0,False,0.0,0,False,1.0
377,7,3,1470.1824,13162.27968,0,False,1.5100000000000005e-05,0,False,1e-24,0.0286,0,False,0.63,-0.01,0,False,0.0,0,0,False,1,0.115323868,0,False,0.63,0,0,False,0,0,0,False,0.0,0,False,1.0
378,7,2,882.5901,13162.30175,0,False,0.000991,0,False,1e-24,0.0355,0,False,0.63,-0.0093,0,False,0.0,0,0,False,1,0.113492229,0,False,0.63,0,0,False,0,0,0,False,0.0,0,False,1.0
379,7,3,906.8353,13162.38109,0,False,0.000183,0,False,1e-24,0.0355,0,False,0.63,-0.0093,0,False,0.0,0,0,False,1,0.115323868,0,False,0.63,0,0,False,0,0,0,False,0.0,0,False,1.0
380,7,2,626.0672,13162.40614,0,False,0.00307,0,False,1e-24,0.0399,0,False,0.63,-0.0089,0,False,0.0,0,0,False,1,0.113492229,0,False,0.63,0,0,False,0,0,0,False,0.0,0,False,1.0
381,7,3,643.3132,13162.44367,0,False,0.000587,0,False,1e-24,0.0399,0,False,0.63,-0.0089,0,False,0.0,0,0,False,1,0.115323868,0,False,0.63,0,0,False,0,0,0,False,0.0,0,False,1.0
382,7,1,933.53,13162.49,0,False,0.418,0,False,1e-24,0.03,0,False,0.63,-0.0139338,0,False,5e-05,0,0,False,1,0.1,0,False,0.63,0,0,False,0,0,0,False,-0.00159,0,False,5.497748903
383,7,1,662.1,13162.5,0,False,1.4,0,False,1e-24,0.04,0,False,0.86,-0.0076521,0,False,4e-05,0,0,False,1,0.14,0,False,0.86,0,0,False,0,0,0,False,-0.00325,0,False,3.481353001
384,7,2,1344.552,13162.5293,0,False,0.00013,0,False,1e-24,0.0294,0,False,0.63,-0.0099,0,False,0.0,0,0,False,1,0.113492229,0,False,0.63,0,0,False,0,0,0,False,0.0,0,False,1.0
385,7,2,952.895,13162.57802,0,False,0.000732,0,False,1e-24,0.0341,0,False,0.63,-0.0094,0,False,0.0,0,0,False,1,0.113492229,0,False,0.63,0,0,False,0,0,0,False,0.0,0,False,1.0
386,7,3,1381.4787,13162.59175,0,False,2.2500000000000005e-05,0,False,1e-24,0.0294,0,False,0.63,-0.0099,0,False,0.0,0,0,False,1,0.115323868,0,False,0.63,0,0,False,0,0,0,False,0.0,0,False,1.0
387,7,3,979.072,13162.66178,0,False,0.000134,0,False,1e-24,0.0341,0,False,0.63,-0.0094,0,False,0.0,0,0,False,1,0.115323868,0,False,0.63,0,0,False,0,0,0,False,0.0,0,False,1.0
388,7,1,1422.5,13162.67,0,False,0.0481,0,False,1e-24,0.03,0,False,0.63,-0.02336,0,False,5e-05,0,0,False,1,0.115323868,0,False,0.63,0,0,False,0,0,0,False,-0.03878,0,False,9.575509585
389,7,2,1260.8794,13162.73121,0,False,0.000189,0,False,1e-24,0.0303,0,False,0.63,-0.0098,0,False,0.0,0,0,False,1,0.113492229,0,False,0.63,0,0,False,0,0,0,False,0.0,0,False,1.0
390,7,2,1025.8792,13162.75953,0,False,0.000533,0,False,1e-24,0.0332,0,False,0.63,-0.0095,0,False,0.0,0,0,False,1,0.113492229,0,False,0.63,0,0,False,0,0,0,False,0.0,0,False,1.0
391,7,3,1295.5114,13162.8038,0,False,3.3100000000000005e-05,0,False,1e-24,0.0303,0,False,0.63,-0.0098,0,False,0.0,0,0,False,1,0.115323868,0,False,0.63,0,0,False,0,0,0,False,0.0,0,False,1.0
392,7,2,1179.8744,13162.83658,0,False,0.000271,0,False,1e-24,0.0312,0,False,0.63,-0.0097,0,False,0.0,0,0,False,1,0.113492229,0,False,0.63,0,0,False,0,0,0,False,0.0,0,False,1.0
393,7,3,1054.061,13162.84486,0,False,9.65e-05,0,False,1e-24,0.0332,0,False,0.63,-0.0095,0,False,0.0,0,0,False,1,0.115323868,0,False,0.63,0,0,False,0,0,0,False,0.0,0,False,1.0
394,7,2,1101.54,13162.84586,0,False,0.000383,0,False,1e-24,0.0322,0,False,0.63,-0.0096,0,False,0.0,0,0,False,1,0.113492229,0,False,0.63,0,0,False,0,0,0,False,0.0,0,False,1.0
395,7,3,1212.2838,13162.91634,0,False,4.800000000000001e-05,0,False,1e-24,0.0312,0,False,0.63,-0.0097,0,False,0.0,0,0,False,1,0.115323868,0,False,0.63,0,0,False,0,0,0,False,0.0,0,False,1.0
396,7,3,1131.7993,13162.92986,0,False,6.86e-05,0,False,1e-24,0.0322,0,False,0.63,-0.0096,0,False,0.0,0,0,False,1,0.115323868,0,False,0.63,0,0,False,0,0,0,False,0.0,0,False,1.0
397,7,1,1085.2,13162.96,0,False,0.216,0,False,1e-24,0.03,0,False,0.63,-0.0118824,0,False,5e-05,0,0,False,1,0.1,0,False,0.63,0,0,False,0,0,0,False,0.031994,0,False,6.750205732
398,7,3,1750.4021,13163.01218,0,False,4.39e-06,0,False,1e-24,0.0266,0,False,0.63,-0.01,0,False,0.0,0,0,False,1,0.115323868,0,False,0.63,0,0,False,0,0,0,False,0.0,0,False,1.0
399,7,2,1703.5851,13163.01298,0,False,2.6600000000000003e-05,0,False,1e-24,0.0266,0,False,0.63,-0.01,0,False,0.0,0,0,False,1,0.113492229,0,False,0.63,0,0,False,0,0,0,False,0.0,0,False,1.0
400,7,1,1248.2,13163.02,0,False,0.105,0,False,1e-24,0.03,0,False,0.63,-0.0133328,0,False,5e-05,0,0,False,1,0.1,0,False,0.63,0,0,False,0,0,0,False,-0.21182,0,False,8.128295749
401,7,1,1802.59,13163.02,0,False,0.00887,0,False,1e-24,0.03,0,False,0.63,-0.01,0,False,5e-05,0,0,False,1,0.1,0,False,0.63,0,0,False,0,0,0,False,0.0,0,False,1.0
402,7,2,685.6204,13163.06591,0,False,0.0024,0,False,1e-24,0.0389,0,False,0.63,-0.0089,0,False,0.0,0,0,False,1,0.113492229,0,False,0.63,0,0,False,0,0,0,False,0.0,0,False,1.0
403,7,3,704.5048,13163.11935,0,False,0.000455,0,False,1e-24,0.0389,0,False,0.63,-0.0089,0,False,0.0,0,0,False,1,0.115323868,0,False,0.63,0,0,False,0,0,0,False,0.0,0,False,1.0
404,7,1,791.4031,13163.4186,0,False,1.03e-05,0,False,1e-24,0.0398,0,False,0.63,-0.0089,0,False,0.0,0,0,False,1,0.117223643,0,False,0.63,0,0,False,0,0,0,False,0.0,0,False,1.0
405,7,2,1609.2839,13163.59767,0,False,4.080000000000001e-05,0,False,1e-24,0.0272,0,False,0.63,-0.0097,0,False,0.0,0,0,False,1,0.113492229,0,False,0.63,0,0,False,0,0,0,False,0.0,0,False,1.0
406,7,3,1653.5193,13163.61891,0,False,6.840000000000001e-06,0,False,1e-24,0.0272,0,False,0.63,-0.0097,0,False,0.0,0,0,False,1,0.115323868,0,False,0.63,0,0,False,0,0,0,False,0.0,0,False,1.0
407,7,2,747.863,13163.6325,0,False,0.00185,0,False,1e-24,0.0375,0,False,0.63,-0.0089,0,False,0.0,0,0,False,1,0.113492229,0,False,0.63,0,0,False,0,0,0,False,0.0,0,False,1.0
408,7,3,768.4594,13163.69906,0,False,0.000348,0,False,1e-24,0.0375,0,False,0.63,-0.0089,0,False,0.0,0,0,False,1,0.115323868,0,False,0.63,0,0,False,0,0,0,False,0.0,0,False,1.0
409,7,1,791.03,13163.79,0,False,0.812,0,False,1e-24,0.03,0,False,0.86,-0.0100116,0,False,3.8e-05,0,0,False,1,0.08,0,False,0.86,0,0,False,0,0,0,False,-0.00327,0,False,4.323269736
410,7,1,16.3876,13164.04114,0,False,1.4e-05,0,False,1e-24,0.053,0,False,0.72,-0.00645,0,False,0.0,0,0,False,1,0.088709784,0,False,0.72,0,0,False,0,0,0,False,0.0,0,False,1.0
411,7,2,1517.6368,13164.08381,0,False,6.19e-05,0,False,1e-24,0.0278,0,False,0.63,-0.0096,0,False,0.0,0,0,False,1,0.113492229,0,False,0.63,0,0,False,0,0,0,False,0.0,0,False,1.0
412,7,2,812.7928,13164.10551,0,False,0.00141,0,False,1e-24,0.0365,0,False,0.63,-0.0089,0,False,0.0,0,0,False,1,0.113492229,0,False,0.63,0,0,False,0,0,0,False,0.0,0,False,1.0
413,7,3,1559.362,13164.12401,0,False,1.05e-05,0,False,1e-24,0.0278,0,False,0.63,-0.0096,0,False,0.0,0,0,False,1,0.115323868,0,False,0.63,0,0,False,0,0,0,False,0.0,0,False,1.0
414,7,1,1605.8,13164.18,0,False,0.0218,0,False,1e-24,0.03,0,False,0.63,-0.01118,0,False,5e-05,0,0,False,1,0.1,0,False,0.63,0,0,False,0,0,0,False,-0.05157,0,False,11.02983704
415,7,3,835.1744,13164.18241,0,False,0.000262,0,False,1e-24,0.0365,0,False,0.63,-0.0089,0,False,0.0,0,0,False,1,0.115323868,0,False,0.63,0,0,False,0,0,0,False,0.0,0,False,1.0
416,7,1,931.7431,13164.27249,0,False,5.680000000000001e-06,0,False,1e-24,0.0376,0,False,0.63,-0.0089,0,False,0.0,0,0,False,1,0.117223643,0,False,0.63,0,0,False,0,0,0,False,0.0,0,False,1.0
417,7,2,1428.6473,13164.47192,0,False,9.27e-05,0,False,1e-24,0.0286,0,False,0.63,-0.0095,0,False,0.0,0,0,False,1,0.113492229,0,False,0.63,0,0,False,0,0,0,False,0.0,0,False,1.0
418,7,2,880.4072,13164.48458,0,False,0.00105,0,False,1e-24,0.0355,0,False,0.63,-0.0091,0,False,0.0,0,0,False,1,0.113492229,0,False,0.63,0,0,False,0,0,0,False,0.0,0,False,1.0
419,7,3,1467.934,13164.52803,0,False,1.5900000000000004e-05,0,False,1e-24,0.0286,0,False,0.63,-0.0095,0,False,0.0,0,0,False,1,0.115323868,0,False,0.63,0,0,False,0,0,0,False,0.0,0,False,1.0
420,7,3,904.6474,13164.56899,0,False,0.000194,0,False,1e-24,0.0355,0,False,0.63,-0.0091,0,False,0.0,0,0,False,1,0.115323868,0,False,0.63,0,0,False,0,0,0,False,0.0,0,False,1.0
421,7,1,931.34,13164.68,0,False,0.444,0,False,1e-24,0.03,0,False,0.63,-0.0101521,0,False,7.7e-05,0,0,False,1,0.1,0,False,0.63,0,0,False,0,0,0,False,-0.00369,0,False,5.405820127
422,7,1,1083.4332,13164.72498,0,False,2.93e-06,0,False,1e-24,0.0354,0,False,0.63,-0.0091,0,False,0.0,0,0,False,1,0.117223643,0,False,0.63,0,0,False,0,0,0,False,0.0,0,False,1.0
423,7,2,1342.3188,13164.76251,0,False,0.000137,0,False,1e-24,0.0294,0,False,0.63,-0.0094,0,False,0.0,0,0,False,1,0.113492229,0,False,0.63,0,0,False,0,0,0,False,0.0,0,False,1.0
424,7,2,950.7037,13164.76928,0,False,0.000776,0,False,1e-24,0.0341,0,False,0.63,-0.0091,0,False,0.0,0,0,False,1,0.113492229,0,False,0.63,0,0,False,0,0,0,False,0.0,0,False,1.0
425,7,1,1246.4486,13164.77221,0,False,1.4200000000000002e-06,0,False,1e-24,0.0332,0,False,0.63,-0.0091,0,False,0.0,0,0,False,1,0.117223643,0,False,0.63,0,0,False,0,0,0,False,0.0,0,False,1.0
426,7,3,1379.2389,13164.83151,0,False,2.3700000000000003e-05,0,False,1e-24,0.0294,0,False,0.63,-0.0094,0,False,0.0,0,0,False,1,0.115323868,0,False,0.63,0,0,False,0,0,0,False,0.0,0,False,1.0
427,7,3,976.8754,13164.85837,0,False,0.000142,0,False,1e-24,0.0341,0,False,0.63,-0.0091,0,False,0.0,0,0,False,1,0.115323868,0,False,0.63,0,0,False,0,0,0,False,0.0,0,False,1.0
428,7,1,1420.25,13164.92,0,False,0.0506,0,False,1e-24,0.01,0,False,0.63,-0.0090568,0,False,5e-05,0,0,False,1,0.1,0,False,0.63,0,0,False,0,0,0,False,-0.0188,0,False,9.54017859
429,7,2,1258.6546,13164.95606,0,False,0.000199,0,False,1e-24,0.0303,0,False,0.63,-0.0093,0,False,0.0,0,0,False,1,0.113492229,0,False,0.63,0,0,False,0,0,0,False,0.0,0,False,1.0
430,7,2,1023.6795,13164.95922,0,False,0.000564,0,False,1e-24,0.0332,0,False,0.63,-0.0091,0,False,0.0,0,0,False,1,0.113492229,0,False,0.63,0,0,False,0,0,0,False,0.0,0,False,1.0
431,7,3,1293.2802,13165.03496,0,False,3.49e-05,0,False,1e-24,0.0303,0,False,0.63,-0.0093,0,False,0.0,0,0,False,1,0.115323868,0,False,0.63,0,0,False,0,0,0,False,0.0,0,False,1.0
432,7,3,1051.8558,13165.05012,0,False,0.000102,0,False,1e-24,0.0332,0,False,0.63,-0.0091,0,False,0.0,0,0,False,1,0.115323868,0,False,0.63,0,0,False,0,0,0,False,0.0,0,False,1.0
433,7,2,1177.6579,13165.05305,0,False,0.000286,0,False,1e-24,0.0312,0,False,0.63,-0.0093,0,False,0.0,0,0,False,1,0.113492229,0,False,0.63,0,0,False,0,0,0,False,0.0,0,False,1.0
434,7,2,1099.3319,13165.05395,0,False,0.000404,0,False,1e-24,0.0322,0,False,0.63,-0.0092,0,False,0.0,0,0,False,1,0.113492229,0,False,0.63,0,0,False,0,0,0,False,0.0,0,False,1.0
435,7,3,1210.0613,13165.13888,0,False,5.070000000000001e-05,0,False,1e-24,0.0312,0,False,0.63,-0.0093,0,False,0.0,0,0,False,1,0.115323868,0,False,0.63,0,0,False,0,0,0,False,0.0,0,False,1.0
436,7,3,1129.5854,13165.14377,0,False,7.250000000000001e-05,0,False,1e-24,0.0322,0,False,0.63,-0.0092,0,False,0.0,0,0,False,1,0.115323868,0,False,0.63,0,0,False,0,0,0,False,0.0,0,False,1.0
437,7,1,1082.99,13165.17,0,False,0.229,0,False,1e-24,0.03,0,False,0.63,-0.0096623,0,False,5e-05,0,0,False,1,0.1,0,False,0.63,0,0,False,0,0,0,False,0.014885,0,False,6.680830454
438,7,1,1245.97,13165.25,0,False,0.111,0,False,1e-24,0.03,0,False,0.63,-0.0103829,0,False,5e-05,0,0,False,1,0.1,0,False,0.63,0,0,False,0,0,0,False,-0.17607,0,False,8.078300568
439,7,1,42.224,13179.92389,0,False,1.9800000000000004e-05,0,False,1e-24,0.0507,0,False,0.73,-0.0071,0,False,0.0,0,0,False,1,0.085541577,0,False,0.73,0,0,False,0,0,0,False,0.0,0,False,1.0
440,7,1,79.5646,13195.41359,0,False,2.2700000000000003e-05,0,False,1e-24,0.0491,0,False,0.74,-0.0073,0,False,0.0,0,0,False,1,0.082373371,0,False,0.74,0,0,False,0,0,0,False,0.0,0,False,1.0
